"x1","x2","x3","x4","x5","y","w","z"
-1.11984384431313,0.292105426027693,-0.102513908209889,-0.252526380942893,-0.473739479613943,-3.56427914004751,1,1
0.404968641548984,0.132024709238839,0.828205599075115,1.49352050568578,-0.615485821665364,0.750386871514503,1,1
1.23254414820493,1.47631986338904,-0.174245318375158,-0.89528782896438,0.166071605389058,3.23245418475321,0,0
-1.56154404679005,1.82442392722692,0.754012571716463,0.963639696437281,-0.427712019365051,-3.01095231825755,0,0
-0.850034657209512,0.060197896743246,-0.441303510913884,2.06731236412899,-1.78245757856742,-2.73499723174008,0,0
-1.16986778305307,0.921580411597352,0.424040197794794,0.628806836301824,-0.189817816293676,-1.826912432466,0,0
0.179594824404287,-0.717740823210806,0.400816992990332,0.203669665963194,-0.259451802803762,0.184817634321715,0,1
0.972271590534373,-2.1507897249857,0.318123540603273,-0.038745219861758,-0.25874852040236,2.34315064643324,0,0
0.160316590282983,-0.10103625070705,-1.959580555917,-0.457133830253312,-0.335820637064833,0.500697325060071,0,0
3.29967181257463,-0.557869813777368,0.98074778044263,0.0956761054402194,-0.855358176201803,6.24832010655104,0,0
-0.101127766912967,1.08015283507951,0.0961140921323252,-1.13415532393396,-0.847711467640595,0.25184152527539,0,0
0.152167117250488,0.971827612299449,1.21470715999068,2.81872396378616,-1.62485541344849,0.372144148997121,1,1
-0.150381981186239,0.504939805106566,0.154008496395697,-0.0493150914680484,0.756272344234764,-0.978554272632458,1,1
0.616545109241849,0.532999119311196,1.20393245642002,-0.707382304464327,-1.24546136198525,1.02679088178169,0,0
-0.144420592487145,0.425906246687258,0.529176728704763,-0.795254788927812,-0.176112413798122,-0.503552463435133,1,1
-0.249718786346663,0.145497044958541,2.17219556863999,0.925521051152612,-2.4312724841577,-0.423769233199636,0,0
-0.491355867362192,-0.0946075037671126,0.756933016153542,-0.304436113606158,-0.382965926075963,-1.96941944400879,1,1
-0.784000326351175,-0.448033221577048,0.571763962241999,1.46171299994277,0.336302904557481,-1.97752889068448,1,1
1.34120725295672,-0.184587568387364,0.640149536987938,1.30647692484716,-1.03128422169501,2.68000524013449,0,0
0.617472959672939,-0.212090123074489,0.866185456125837,0.8826589257646,-0.59264539491779,1.77716995686829,1,1
1.36648810268111,-0.391119991029738,0.674328438534347,0.217430191740039,0.79409568062126,3.32974016055578,1,1
-0.502900294054926,0.343378868726715,-0.080024807271411,-0.898873504077632,-0.757450683711437,-1.58417576787252,1,1
0.293681420144464,0.441082029165391,1.17446971754031,0.330016341832712,0.880335623424654,1.03485764324117,1,1
0.374091709865785,2.44860201723078,-0.452194962825378,-0.559358817853408,0.919747300948141,0.461115353002166,0,0
-1.63631736434306,0.506829273879371,1.53558019793561,-1.19048885674609,0.819091389894338,-3.98575870540307,0,0
0.982570970688247,0.380120512234495,1.40933249793722,1.24759603836598,0.313640204313632,3.30864944706589,1,1
0.0544444385041729,0.391279927223269,0.550129224700177,-1.94705445776068,0.769501453345296,0.0020533261408521,1,1
0.494670910218871,-1.26743497069646,1.21945870583704,2.76803573925505,-0.0273779155221603,0.814137114893005,0,0
0.640552075305319,-0.144665979721306,0.611933987815353,-0.380171215851834,1.52324538516759,1.90684153372751,1,1
0.18163611152008,-0.682364580549706,-0.573897686040245,0.00541042219670554,0.494697388436508,0.223435599084287,1,1
-1.44711099948833,-1.06774882238461,0.028277033270361,2.42207733221457,-0.231834212364997,-2.35201639522772,0,0
0.673353395810536,-1.52790481535535,0.781189123279699,0.717831881343023,1.26191337543761,0.900305716941543,0,0
0.694142841670493,0.803816486011466,-2.21107882243512,-0.165665287700038,0.0956456257750564,1.38059808074781,0,0
-0.186232601328571,0.539060407561668,-1.32102918594538,-1.17358776999762,0.605293842684734,-1.26725217412164,0,0
0.75075003324625,-0.0273853723229556,-0.729562097980173,-0.845352048174817,-1.26483941974894,0.571546414148095,0,0
0.0450183612296428,-1.75443670648592,1.52561301599951,0.240909625685874,0.501084702654123,0.535053413632473,1,1
-1.66825867916138,-0.369326866092012,-1.02809271776667,0.403971673410211,0.990284158985092,-2.76672129598978,0,0
0.631777696180997,0.385983095860891,-0.661331186365576,-1.32977434804634,-0.0338797503747446,1.70255615120067,0,0
0.326667223742252,0.203987476642025,-1.21786725436423,0.527094554675808,1.54724334115932,0.961341837981554,0,0
1.09227023926148,-0.981828654559379,-1.99615078019357,-0.371687840941748,-0.866958778505225,1.63454742764019,0,0
-1.20970253818577,1.11003922182189,1.23976919603201,-0.158011174121573,0.518829061439999,-3.24728737634188,1,1
-0.735423718001034,-1.68990546703378,0.498176187501986,0.488822770915278,0.531819822492941,-2.76763685839281,1,1
-1.32524652126911,0.115595504680013,0.437054867482575,-0.868476307489735,0.81756885082547,-3.1236701405065,1,1
-0.736837210297299,-0.370893313375667,0.189133336508841,-0.873923265791155,1.8247216293765,-0.683265717962951,0,0
0.643946638551748,-0.817690997158597,0.115264175159055,0.353851936722923,0.0827157180094525,1.46494313257515,0,0
0.851549370921522,-1.54127996836716,0.706874682346504,1.74720658486922,0.650064836472773,2.05493643056148,0,0
-0.288250786731071,0.683451839324346,-0.997536707436401,0.931585126267942,0.294382058416613,-0.74546060608431,0,0
-0.639791037459225,-0.516740087552524,-1.38670418978895,-2.0433983042259,-1.93254367675253,-1.32595198706185,1,1
-1.10495852339427,-0.804293740096369,0.0891247770146796,-1.37591030031368,-0.497617623021948,-2.44783438432614,0,0
1.8338719678959,-1.42847418027029,0.00453888079906569,0.853257915699487,-0.936254369324426,4.72742782615805,1,1
0.978478958306861,1.36180465779929,-0.584962977293073,-0.929506913085509,-0.639153532629168,1.72042270074701,0,0
-1.10532576238293,0.556387990033439,0.201977624806613,1.81425544899017,-0.89173659438395,-2.97897928100557,1,1
0.147935038155372,0.308354191210099,0.134868383246089,-0.551252977143782,-0.137444846337175,0.821611883326681,1,1
-0.231877123012822,0.131043321089601,-1.59884066790056,0.110188524970817,0.0821587241155786,-0.992329940297436,0,0
0.0211608557471126,-0.322489731513832,0.54999219815819,0.785073312163434,-0.937489094276728,0.698692492751104,0,0
0.365587076757705,-0.261630200919685,-0.259413530583234,-0.187989733761839,0.389238851575141,1.1456462669453,1,1
2.1869977006888,0.985134454591357,-1.06805171526994,0.46735398266727,1.10415305321864,4.2962836506912,0,0
1.07356062400947,-0.817368449684624,-0.184487290743834,0.093212069362175,-0.848578828525338,2.78561264804349,0,0
0.396691077362151,1.99768627983578,-0.568683006964279,-0.689106031241768,0.299255140716183,1.94077661107554,0,0
-0.931926888237227,-0.824897929284712,0.259185384326754,-0.505191148499296,0.466628228409078,-1.56337400907622,0,0
1.57821181860765,1.3955807013969,-0.0721051202937089,-0.859871502901416,-1.00901579268024,2.32178946976597,0,0
0.632584910458537,-0.572029488813508,0.0451798669944701,0.091204549843591,-0.531073508889314,2.27878850661016,1,1
0.308398021996748,0.512286411178127,-0.511930940502996,-0.0665384315481922,-0.271498792596117,0.308036866417499,0,0
-0.351662448103824,-1.02023073813835,0.260930551004143,-0.728286038444293,-0.120460469783492,-0.95214149316077,1,1
-1.48464470737995,-0.467943541018185,0.453277584496227,-0.160698976482291,0.520971353341313,-5.02656753431394,1,1
0.908873255579543,-1.13453486918247,-0.644624235149646,0.655484819706841,-0.244758590547249,2.121192624131,0,0
-0.145868091752757,-0.210733909778433,-2.31300109160292,0.264136211815007,0.0585396465616362,0.208665859549502,0,0
1.13142221884428,0.604634195422045,-0.149029627346085,0.617437861739806,-0.521938486665788,3.51265236239565,1,1
1.08263076138289,1.37376309475546,0.583570494281489,0.0276647150238595,0.390755564681896,4.15899386454421,1,1
-0.0672462728227543,-1.65442311613504,2.39691994022912,0.666009532598592,-1.11390051306948,-1.07809258006061,1,1
-0.443946084072142,0.836218328772809,0.939186872714122,-1.60262843704218,1.79537449410722,-1.24812430343615,1,1
1.42874128232284,1.26835510744189,-1.96399731906614,-0.414039372125915,-1.9917683060887,2.65847103964099,0,0
0.609879030526133,0.100818788502997,1.50137895502968,-0.248479831217575,-0.44935325961648,2.87241684571579,1,1
0.220392029156835,-0.653747254723371,2.34171201207414,0.0139047281390507,-1.4261152036752,0.630134000810777,1,1
1.29858584047619,0.741824803838019,1.50730635397759,-1.60134700573478,0.893553918780407,4.0775767165116,1,1
1.97553342317596,0.971442126646875,0.479356987750035,1.41285504121944,-0.320055433817295,5.82204420762063,1,1
-1.4193915820711,0.320449835022487,-1.07093669134906,0.96300482340958,-1.07057049752258,-3.64074161438263,0,0
0.368252459178852,0.836204845782252,-0.63848141543416,0.160658430132674,-1.16968834776756,1.38262922684385,1,1
1.06858602417827,-0.465676899209693,-0.281848714905009,0.979157929878221,0.0474921020408728,1.79432191383382,0,0
-0.649115804737463,2.0958127951816,0.951159454696249,-0.144245175970958,-1.62991989145841,-1.53276121230479,0,0
-0.52105297015963,-1.6791550890757,-0.756849698104293,0.714472174487206,-0.548815287551257,-0.0226183286518229,0,0
-1.32654569786639,-0.324005006384523,-0.571168643109264,0.866080205464935,0.470051536353878,-4.38339842975819,1,1
-0.0686191775608791,-0.404125868868767,-0.91629340713428,0.98462939866767,2.42151503072189,0.040231847322941,0,0
-0.642665193116394,-1.18708711470589,-0.537378327751712,-0.210212264654752,-0.481882331393487,-1.99028027836186,1,1
-1.18316226876635,0.315749479767902,-1.09358635290604,-0.158098468778514,-0.281182736661338,-2.33679413667484,0,0
1.73087035671712,-1.02214081038059,1.94570705554285,1.53716153350215,2.29852799255026,6.11679385071309,1,1
-1.20872906674201,0.328674397492852,-0.286749801250081,-1.33306057252668,0.716749178862025,-2.51688610188016,0,0
0.0533064553966099,0.0982897279246843,0.0527449644272849,0.714431835634476,1.69831764663723,0.0920189831399947,1,1
0.0913400745867762,-0.0951716481024586,-0.285536567849009,0.862841374871959,-1.1388151337475,1.06375989502829,0,0
0.556424735660956,-0.726774628675289,1.76086523369342,-1.84081520435852,-0.0406133988161728,2.27503672310492,1,1
-1.11086090992372,0.158386190052728,1.18999004859416,-0.241705803958624,0.340229551483874,-2.07532891794992,0,0
0.321912634020196,0.267403237732842,-0.764852445439542,1.52860920989749,-0.109806542121897,0.832443195335567,0,0
2.32822331408112,0.178074783054857,1.79766231683709,0.100199462433464,-0.951984032987395,5.00751764659405,0,0
1.48847798663808,0.134057779383701,-0.316472705355065,-0.363524842052111,-0.290000855731152,4.85815343941916,1,1
-0.723736560705162,0.142750848198019,1.60651591266239,-0.743515801005166,-2.52439656530987,-0.755911105793044,0,0
-0.282806475772034,-0.0377459344211989,-0.269151771206383,-0.383187160147014,-0.326445210725014,-1.06011105022801,1,1
0.299944279752727,-1.33833937039088,-0.626282803612519,0.662711326238613,1.29182944975967,0.63141724831058,0,0
0.720380660854867,-1.82793877970594,0.0504652869702844,0.283160803061542,0.473874551001373,1.44605857194232,1,1
0.412644780813054,0.86479708857238,-0.868049191645989,0.592165478531471,0.13810670794407,1.47491461194718,0,0
-0.198706243332241,-0.711271402526913,0.618422009928659,-0.354953924557055,-0.627106614495911,-0.341619597858243,1,1
0.785657280647398,-0.246307229164479,-0.226023531407587,-0.455771294910837,-1.16472760669799,0.240726205630225,0,0
-0.54898426461502,-0.276792287467004,-0.108150974981079,-0.934022423800511,0.70892864479468,-1.2587622061846,1,1
0.123269510470813,1.69361988479157,-0.216373237039981,0.443584939157919,2.12547336037104,0.713766629861178,0,0
0.327330034243727,1.40195452838396,1.78814419246932,1.1179703461669,-0.471221303285366,0.907447569220314,0,0
0.0692342450746657,-0.254209024090305,1.32407911579873,-0.206176526360383,-0.685619510276067,0.664890457512917,0,0
0.852466596301411,-0.331385815283826,0.0628645727937592,0.972739307915825,0.00214202332750632,1.83927035570869,0,0
-0.742288696724472,-1.32361633633798,0.999053941843192,0.00696984704225533,-0.383500698920855,-2.35355517412132,1,1
-0.606801884074616,0.846369266998997,0.654075517330602,-0.447272691603223,0.506610165650701,-1.4886709260583,0,0
0.256106703525077,-2.45760426889308,0.600516443883665,0.620394844830377,-0.506429967810182,-0.316530766506422,0,0
-0.45795593188282,-0.361975374153688,-2.11998598909213,-1.34857063863334,1.63491250181268,-1.26572163973411,1,1
0.613256480856161,0.176074073338698,1.46500141039512,-0.799999047434984,-0.713551122708623,0.785031640574372,0,0
-1.23275534657979,-0.906674214054891,-0.362595565704867,1.16339806226092,1.01591633441292,-2.60639014839888,0,0
-0.304470939141459,1.23631617079962,0.932559205921585,0.613586759030131,0.417508102988014,-1.45961416419723,1,1
-1.88189396316274,0.197950811318778,1.82923145333626,0.176271855911821,-0.444982581592593,-2.83218673114253,0,0
1.87516637519382,1.84777826960043,-0.553021821399536,-0.236231126449599,0.63828462271638,5.0034038057966,1,1
0.287086379792489,3.03496327385304,-1.5282108591666,0.233863855661729,0.291477396804805,1.73322102797189,1,1
0.193896423951721,-0.354327401491352,1.75742967689512,-2.28335251671914,1.48899241097359,0.63510501444495,1,1
-0.4070310224666,-0.799370869293877,0.873891282051184,-0.708166072246969,0.327827276088323,-0.354821051006254,0,1
-0.264876980026245,2.27882969958973,-1.17745147254777,-0.73848023374602,0.846390632799229,-1.10575616076613,1,1
-1.7913604323943,-2.07668200955732,-0.480772193045025,0.043619491299562,-0.171118696502831,-3.61762245336766,0,0
-0.0787805310283248,0.28338132023574,-0.878235075136502,0.709355670121619,-0.740951101884251,-0.438981738422672,0,0
-0.353582592486777,0.555721465815387,-0.422173041188882,-1.42644935579601,1.04577305905027,-1.98932565043413,1,1
0.432258852851662,1.76614701302232,1.04091997824059,-0.473065685487934,-0.218696857920463,1.85255331210702,1,1
-0.580929824964347,-0.707297534929189,1.56092577082961,-0.75099903269353,-0.207953851981592,-0.800522329876417,1,1
0.337020980990924,-1.07191405609641,0.732674011329164,0.0444658282534058,-1.04930042030856,0.130262119057686,0,0
0.257616378281549,0.126155216048988,-2.00174310713418,0.0159967486890367,0.347175243392542,0.915744599850465,1,1
1.6694489737288,0.78024172921998,-0.939563556026334,-1.07450283846623,0.281839451344385,4.64312883264384,1,1
0.498524795026828,1.36720624310042,-0.0425739182752662,-1.25382348779311,0.021877426947643,0.843769104190925,0,0
0.974630250477863,1.56926323043695,-0.718037194051913,-0.00671993992849679,0.14555028357698,1.75651227962311,0,0
0.588819849020613,-0.418146671263088,-1.19785946683712,0.967151641509146,-0.688732086809973,1.34219710671294,0,0
-0.727472979474629,-1.55761445842749,0.424595612934586,-0.615435959961598,-0.0104742526838122,-1.41964184298063,0,0
-0.545950309590129,0.950719013399351,0.331805002082811,1.59977070033544,0.94845496711739,-1.01027801754771,0,0
-0.192195439293441,-0.42020855358244,0.439358412925424,-0.233359311750482,-1.01168373231376,-0.463101626747728,0,0
-1.22905061268384,-1.27805552063947,0.905169903503099,-1.05173132910008,0.310772564668518,-3.41914541725293,1,1
1.02003217664734,0.787916968932162,1.52558834188034,-0.649625227316099,-2.13907829626852,2.06580043301643,0,0
-0.0668177109610336,0.821022973304818,-0.846957883986754,-0.0642333514265107,2.20119979353152,-0.0591464612157141,1,1
0.0611937027810044,-0.323457209016715,0.292972571972713,-0.00468461769301696,-0.691708226363286,1.32985517778015,1,1
0.247257427418023,-2.78497199202228,1.34957997503795,0.792799591453204,-2.1180099526096,0.665387082198215,1,1
1.21589354244021,-0.0133148761622039,-0.203046395947294,0.36728511705668,0.256631640858265,2.24806698568316,0,0
-0.334484173013145,0.308726719504594,-0.489362901480889,-0.397667088699597,0.417043240094924,-1.07337993310725,1,1
-1.00431319093764,-0.336450483551522,0.138379774881003,1.3318733494308,-0.0498770068968966,-2.52668250880952,0,0
0.593042457230796,0.555473204120612,-1.32544123313173,0.750582879974549,1.24154567335926,2.46293606169825,1,1
-1.09959561016764,0.764734429069502,-0.964142585297705,-0.281667742446822,1.15090596274125,-3.30560482906813,1,1
-0.168174903285762,0.0824188033753241,-0.0367803790847752,-0.686096475558708,0.0380636777181697,-0.112288712824412,0,0
0.0710681308745748,0.652875744884823,0.140216196567505,1.06663477995449,0.816139796551592,0.19505020104059,1,1
-1.65691092125273,-0.877374135960626,-0.258707851729228,0.411978154158522,1.91652094945455,-5.1480489879923,1,1
-0.0459785108209532,-1.99502308360606,0.446789924603811,0.686970392097555,-1.04930985000739,-0.374440092942559,1,1
1.11031367492204,-1.31396107546504,-0.837450869482684,0.00742562682281432,0.962904860391336,3.05783115362949,1,1
0.618881517562001,-0.892432026704977,0.400154937151765,1.65804966532884,-0.61245351878038,2.24365568567239,0,0
0.573922969767563,-1.59165686573491,-1.41284075783779,-0.106598669241052,0.654991226930061,0.640035065459956,0,0
-0.0592543493236677,1.98104697533898,0.139001036465859,0.239444747905359,0.0784755976144494,0.279188569277319,1,1
0.440754456732085,-0.791652957106702,-0.585018784322309,-0.949113188834022,0.202378472834351,1.25426076980489,1,1
-0.469499827946627,0.11637109027773,0.139476183677958,-0.449315256340733,0.288449268082237,-1.66450135335648,0,0
1.4457061985979,-0.577962634796244,0.35433937223395,0.0861575199085881,0.208768944169416,3.1591264972003,0,0
-0.189731743416256,1.6560191492323,-1.04887053381168,-0.53236512150388,0.609438453816997,-0.375478010937699,0,0
1.7190809717052,0.145777865410539,0.292941655615372,1.28009724505695,0.697166064184606,4.69168574367206,1,1
-2.01419207474221,1.70450905708597,0.575989617567933,0.460227495345595,0.119779999001121,-4.01997195324619,0,0
-0.465619221082172,-1.07704764630619,0.48223342756736,0.948448926812348,0.715137769515887,-1.20028536731826,1,1
0.265222294431462,0.531066629961543,1.79985677399166,-1.82580036731594,0.796763136543838,1.32614875135013,1,1
1.98122914294402,-1.41127329823433,1.23063074386285,-1.38533085371039,-0.464383214678007,5.33619054160037,1,1
-0.912998177774793,-0.0500197906629314,0.335501336642219,-1.8936155318629,2.27352151398327,-2.6806585635214,1,1
0.247220603916076,-1.21725969347792,0.947658954069493,0.542291375624146,-1.19247479240988,0.190596195426324,0,0
-0.685284761560921,-0.224983121888447,2.02765652717226,1.55139478780051,-0.173839383593623,-1.72084152562098,0,0
-0.716927012679413,0.492727439632293,-0.279142631985213,-2.06837222754269,-0.403747907875641,-1.44609766378355,0,0
1.0267279860638,1.44545712257969,-1.2215977203184,0.220010067208873,-1.79607618346391,2.61951045748909,0,0
-0.104272801416702,-0.946732248310213,-0.586113255918233,1.07071990368298,1.82697700820186,-0.602268259424813,0,0
-1.15059574281718,0.820102498325446,-0.639242224297423,1.08896315139385,-0.456463922284595,-3.58853740475231,1,1
0.154146336105005,0.866489519225795,2.01254824432959,1.20455963151159,-0.687182312590257,0.709217471262315,1,1
0.412463868016482,-0.820925269203947,1.10310855597371,0.185345785751405,-1.81062049038837,0.315208060271661,0,0
-0.714246473164368,3.33870210231064,0.0849955839483161,-0.912307157283164,1.30989176690624,-2.49770312593449,1,1
-0.297137692917189,-0.454404208495633,-0.963289954269824,0.598317218528396,-0.821749694930784,-0.294076983642257,0,0
1.36856703057208,-0.299067943486219,-0.0110027973505833,-0.258196387457033,0.759200214747682,2.37397456642035,0,0
-0.194912919128185,0.176449052594438,1.02440553954454,-1.29462767994619,-0.0221778872004033,-0.236332723116019,0,0
-2.65570352891567,-2.88476748968904,-1.0925095378642,-0.00813846521545075,1.49555883056419,-5.66334402926838,0,0
0.823978588210342,1.60546209434536,-2.02428166367921,-0.222228653976897,-1.9025953268434,2.9594965107382,1,1
-0.653249298758394,0.667701598577493,0.869421956119107,-0.438047429023,-0.432851815853859,-1.69956790697951,1,1
0.0570926700543555,-0.149025230554893,-1.4436747679184,1.41067959424111,-0.988993301661234,0.628837606467439,0,0
0.574728098700597,1.84652586382206,1.23896298630592,-1.99213466554157,1.12689922543022,1.06808721357521,0,0
-2.31283718061941,0.717150404742876,0.775764320483545,0.309855501856423,0.814343973025837,-4.05468218361247,0,0
1.71089690708243,0.302506762781012,-1.60767465043146,2.88111137350382,-0.83232903923446,5.05742876694713,1,1
1.94366064783087,-1.29312640202419,-0.0956456355515147,0.639827589898794,1.74860800128855,4.2284816189282,0,0
-0.852694483288134,1.5469540616887,-1.29808195510103,1.45925672377677,0.571889975913702,-1.70186986530993,0,0
0.964735915608909,0.00217242376399849,-1.85816948361528,-0.167352219859535,-1.04519548045114,2.5179137752135,0,0
2.74139960200317,0.255208831211861,-0.716740702220886,0.216164181655914,-0.612320316801193,8.88138945071709,1,1
-1.06890371300686,2.02415376492373,-0.55929730167933,-0.0632303942711998,0.599054335300728,-2.33711333454107,0,0
0.795459216076302,0.476608218029895,1.21006368899332,-0.588627314666999,0.890622088561277,1.91089587668461,1,1
-0.991732289147844,0.122688763208671,-0.00284636377061682,2.49293917020512,-1.51121509811138,-2.52316436603519,0,0
-0.609426933349043,-1.04247234682464,0.202207014031077,-1.44129897427174,-0.789702793545177,-1.58544467543481,0,0
-0.367110666244523,-0.136174946817604,-0.790302258589834,-0.981189966598852,-1.30346344973443,-1.56563705428857,0,0
-0.177524950953235,-0.629467241687122,-0.153454733999624,-0.498789495630971,-1.21510290575394,0.341021519654721,0,0
1.53851082220432,-0.643835193621325,-0.247874095875723,0.156898303862001,0.926239262878885,4.4013006242769,1,1
1.15571703924412,-0.275336877937227,-0.210749280592351,1.81614371193811,-0.125846676943437,1.72060675952134,0,0
1.05963200782459,0.750040385463219,0.346123818137644,0.83313602721197,0.682549641929391,2.36946936632371,1,1
0.454068958274964,1.27846083031978,0.221707454237085,-0.552347275313111,-1.62357455099405,1.60128565845127,1,1
0.931613182437265,0.0125085677805128,-3.13788575117027,-0.934561654476654,-1.36574683295825,1.28295324930385,0,0
-0.177545228659996,-0.340079193456012,0.130859898766557,-0.601614462864084,1.69068283316739,-0.257633091254987,0,0
-0.514510232236339,0.788388710616504,0.193165852892955,0.284678470693521,0.0668248024015244,-2.04899358491569,1,1
-0.933609563084342,-0.819897606516197,-0.455279866348849,0.680172514105085,1.06328015943982,-2.17214856734093,0,0
-0.920641636499194,-1.66443768618364,1.1886734313454,-0.338960622348721,-0.500339134293356,-1.74025769831512,0,0
0.889196195470933,0.589467611542643,-0.728975257511783,-2.61654418426767,0.242856659548863,2.67262499368916,0,0
-0.491823535297423,-0.0966703703037343,0.280428842122039,-1.64649479008901,-0.084560191726749,-1.49682918105708,1,1
-1.19315545817499,-2.39647367827276,0.839385430838583,-0.379203585517612,0.501543051849143,-2.21654021443965,0,0
1.61843192006002,-2.21492361019596,0.224110980520847,0.166902485954539,1.39189515920922,2.99650617066907,0,0
1.58959996746879,0.284344184107733,-0.190890132161109,1.15631115691965,-0.559251022154297,1.89983696464431,0,0
1.16149998177841,1.02734325942083,-1.18597826943052,0.103928279125556,1.07439756084645,2.68842662839287,0,0
-0.0864197388756133,0.565901070142453,1.07399256640418,1.06191508036358,0.930562708431986,0.296901092297902,0,0
-1.65576691352851,-0.329276830079154,-0.75231091030772,0.821091012053268,-0.294065519987283,-2.84079337108468,0,0
0.933039133665634,1.59754017334304,0.977535125944261,0.736954723861695,-1.00244383304343,1.51340927212194,0,0
0.147620910756752,-0.969616266213174,0.749645250819155,0.67716809320426,1.4244029804864,-0.100821292573853,1,1
-0.64161607185898,-0.399548309258842,0.699971705949916,-0.355888850934493,-1.16176837324527,-1.07657547518701,0,0
0.0671122916057064,-0.776614908471161,-0.257338433911962,-0.43112329107773,-0.445867929605661,-0.764716982571697,1,1
-0.369700124092116,0.443501117681463,-2.28480917324549,0.549606884619665,-1.48820657584563,-2.04153984394159,1,1
1.03957853124579,-1.71184144196778,0.63744411925489,-1.25712701672345,0.209329936186022,2.79016968806963,1,1
-1.33217104535615,-1.62801836238118,-0.45624483022264,1.19305701694078,-0.673880987457658,-2.64950006810675,0,0
1.23260280234114,-2.08808702836324,-1.04710010706081,0.733446623197425,0.03954091610583,1.60220374707796,0,0
-0.359618537597437,-0.0915305521848302,-1.13874703077498,0.222109454993934,-1.08858237101119,-0.973378287339796,0,0
0.648144485724244,1.32469037926485,-0.554314084100162,-0.357816445669305,1.76173236122422,1.45959056864081,1,1
-0.746069735305501,1.63755146720656,-0.385424094288716,0.784175528154822,-0.362204834567403,-1.52105345989639,0,0
0.657658447420161,-0.952610159277837,0.984358932384142,-0.326055976451647,-0.71138628079452,0.404196718471041,0,0
-1.60179225102783,-0.513304227087858,0.298218851718699,0.365452204444357,0.224126856942708,-2.58390886446677,0,0
-1.06138253500907,-0.974471919923198,-0.527478054340299,-0.646458446412418,0.239521226728042,-3.37135807257302,1,1
1.3228705573113,0.314942717192834,0.140434316465269,-0.657895262306841,-0.235181946600802,4.37198087280242,1,1
-2.59098233911869,0.340865817450129,0.938359620856272,0.426894789752239,-2.21992693417273,-7.7964129944163,1,1
0.691109368339523,0.760885066521304,-0.635518075064655,0.383587907584509,-0.00614408075896964,0.954906641389023,1,1
0.013539168076845,-1.87575153454939,1.2842744911143,0.6424985658452,-0.560547690588944,-0.186706753781375,0,0
-1.2277626599749,-1.45221971663941,-0.584641623177948,-0.222801244269112,-1.48456871146258,-1.73973664160307,0,0
-0.552684511505664,-0.535568229964999,-0.233653517866845,-0.226952274008518,1.95298226355496,-1.27035468601174,1,1
0.261326370918767,-0.745234620813028,0.168391816695517,1.37794583101029,0.667929418881613,0.600692676216134,0,0
-0.174593747602822,0.514007502983674,0.972660159051217,-0.113208742494481,2.1874202537822,-0.175739639742017,1,1
0.44611917748551,-0.179185195138794,1.72117723867253,0.532252925194098,0.676090816793715,0.0784817198018131,1,1
0.408432284767399,-1.64892495534952,0.84539400085685,-0.708735625829688,0.348190603643013,1.20274417423387,1,1
2.26358064638121,1.17072604304313,-1.87176109309478,-1.77505747304455,-1.34382193096839,5.48415271301083,0,0
-0.481010226712421,0.430785623773003,-0.910339745564511,0.799625395532865,-0.682867461291005,-1.28476065300042,0,0
0.570599337165799,-0.813038013536315,-0.121681166012844,-0.365020140445231,-0.454898066578229,1.47702175550782,0,0
-0.223242455444411,-1.28781761923045,-0.626194152468482,0.460501032131227,-0.316949183463401,-1.02794975002235,1,1
-1.33692210908232,-0.498503045345324,-0.479769175314727,0.784091560444084,-0.55011372422732,-2.22770281572525,0,0
0.398314361218992,-1.09245520915937,0.0661511827556004,-0.407088899832702,1.61812447301627,1.02414046890509,1,1
-1.66449058569633,1.45438908389977,-0.894431114190686,-0.957737418813,0.964102205541195,-5.02096537342634,1,1
0.761896131296458,-0.31516535584302,-0.552919294760813,0.282011402972878,-0.0195847276060855,1.21483231876441,0,0
0.0809089457036955,-0.00324070492855523,0.64116218231858,-0.527526217011865,-0.375681997419529,0.440598400920617,0,0
0.632270414271098,0.774258439271794,-3.23192807158601,-0.550785764653034,1.56314889053113,2.4782172867511,1,1
-0.903775381950119,0.50203142369436,0.135709917527749,0.312683742825832,1.29418214066662,-1.34060296527917,0,0
-0.34357930268344,1.73672982442909,-0.894301474151438,-0.117147074065919,-1.33559943545112,-1.69132315926334,0,0
-1.01922734867618,0.494749073332086,0.32420509148203,1.01213022445936,-0.153496589670955,-2.09039991334658,0,0
1.03603012115127,1.94775919909744,-0.734177596503154,-0.782339008332736,-0.72420478588412,1.31706338465694,0,0
-1.45447029406543,-0.565325899399087,-0.299307050357881,-0.174796640609805,-0.234069448804153,-4.13141475654112,1,1
0.830088844715888,-1.48190161924029,0.676681723655811,2.02790613083685,0.17594251022872,1.91150998721351,0,0
0.293295893447043,-0.298993056051829,0.953552388387007,-1.40731917044718,-0.519492914711526,1.17397474466364,1,1
0.902988843239603,0.214649830727554,0.47540355588085,-1.39357705630119,1.47700237584437,2.71280972643731,1,1
0.25479004078078,0.773234047545301,-1.47993458015593,-0.609529397147391,-0.000311465084966878,1.25546677581998,1,1
0.842987070121269,1.16310894818377,0.919200726314042,-0.294476048529523,-0.958202487812687,0.918115405352507,1,1
-0.153724753230958,-0.190234643523887,-0.939050186303146,0.464052515009888,-1.59765811866892,-0.62083180253854,1,1
-0.965370883783098,-0.289455800744243,2.62789574470033,-1.53705786488134,1.19397213689627,-2.0960187058466,0,0
-2.05753119193896,-0.398845783068108,1.13019380986826,0.986154174910774,-0.568568303538762,-5.7384450104987,1,1
1.57503246044087,0.709242563582347,1.23666118735799,0.63022214900565,-1.28828111374908,4.91738169689536,1,1
1.2841553501569,-1.62264727332161,1.82004037648566,0.0573438114517035,0.180926006922618,3.26211359288064,0,0
-1.76118537746561,0.771784454597905,-0.0712675742512625,-0.381605463321299,0.916032213569047,-5.77898174009095,1,1
1.0902429998464,-1.28797418826606,-0.762380520314973,-0.633186757768021,-0.287969404255087,1.60647663639616,0,0
-0.568193471732913,0.891575880999414,-0.347433165099925,-0.0679129714689343,0.9976780091885,-1.34993932873614,0,0
0.517127551660568,-0.177833431545929,0.574437751939508,1.9219290104778,-0.362923947190031,1.91240119180955,1,1
-0.519629781378182,1.70440468358434,0.701972177899213,0.229862578709867,-0.0724385397061078,-1.01326102492265,1,1
1.61042351389815,-1.28650611462245,0.0316428957957801,0.217079282561056,0.973807610422341,3.56826569050795,0,0
1.33960005977244,-0.495561568513902,0.387762085146862,-2.16644904693652,-0.780360483782382,3.99700861317012,1,1
1.13715403416212,0.21527544050067,1.05956910406666,0.579098119363655,-0.487924639001891,3.09724728606225,1,1
-0.449038761016475,0.2900738682433,-0.631799219945643,-0.585505708500052,-1.74334182572606,-0.721266486617685,1,1
-0.34777894802452,-1.42432075433394,0.40300925762892,-0.0272301766665104,-0.187948455656688,-0.56737975272135,0,0
0.162979420427058,-0.0866060832677186,-1.89514331529826,-0.132280776975687,-1.48091483662211,0.685567759241144,1,1
-0.51446265765235,-1.54815691398255,0.29499745491088,-0.614285153899758,0.328947471507723,-0.926778543606562,0,0
-1.15740502959293,0.543092031732559,1.04519148538553,1.11127182596136,0.576846101089387,-3.5977555929253,1,1
-0.191823485602032,-0.511611854391066,0.683436539526197,1.18815477311469,0.20792071512881,-0.29791761807681,0,0
-1.06680826840767,0.364090477851471,-0.083876660994095,-0.194138344376085,0.175131845345448,-1.15375746533598,0,0
0.328059872641353,1.10927356252772,0.715804974014869,-1.27262364994961,1.78478844670785,0.41077668248476,1,1
-0.463574827757051,0.178637213207971,1.7650203579637,-0.763864635380572,-0.666873403847822,-1.21364494446872,0,0
-0.32336565479417,0.809893694226078,-0.0761097431702325,1.94225947852756,0.930846344807162,-1.07217054660825,0,0
-1.6643423875429,-0.0946273733898364,-2.36869334432409,-1.23932776851741,-1.6810116974743,-3.01388870331252,0,0
1.70794852042013,0.0357479028921831,0.428672036380037,0.0489430340494744,1.12217267596955,4.56185697796176,1,1
-0.12859816010561,0.560462537039935,0.762555140719367,-0.709460884859677,0.000390323584541438,-0.433231036720392,0,0
-0.280155296530828,0.0313939340937981,0.462490671614814,-1.09450604587645,-0.572002471429716,-0.371499186533075,1,1
1.17473108303276,-0.323660812735048,1.63643860874306,0.62340893485572,1.68805375985891,2.47138794103039,0,0
-1.00568233846757,-1.01311058236031,-0.598756849845939,0.441832851630227,-0.216724991836958,-3.03187395001792,1,1
-0.72704058722928,1.00016662219383,0.190864601756464,-0.0671948162536613,0.688070560084228,-1.32739124637379,1,1
0.7194692842083,1.97405326029383,1.69150018511925,1.31289624113228,0.669516595566692,1.18510835617906,1,1
0.821332910642448,0.958720903910071,-0.758802034520331,0.331823618525298,-0.522301318385813,2.42226818643497,1,1
-1.71367355070959,1.04259672080871,-0.729091992597934,0.291463204922028,0.202732448820735,-5.64153417325465,1,1
0.109575084814023,-0.618742408729162,-0.445160318201603,1.53175624548384,-0.553549015100378,0.670808305599266,0,0
0.177157460911637,0.111533414975221,-1.72480188350574,1.51082984768725,-2.11877062370713,0.455812547698884,1,1
0.173624473209748,0.104663526456253,-0.0494718415218389,-2.26177862482008,-0.811183230115378,0.72361625271199,1,1
1.06639601312287,0.598506493514879,-1.24057380395443,-0.847270298437739,-2.32568091563085,2.05198848874341,0,0
-1.39864528528533,-0.315303041044784,-1.81116113082288,0.97540589554029,-0.16016285051389,-3.74397912704667,1,1
-0.396036314435517,-0.799915557245283,0.753132327518074,1.24156817843837,0.332586350069157,-0.790114927856024,0,0
-1.39196321181385,-0.139386263211812,-0.959098057862631,-0.272716370917975,0.118990804795775,-5.25842200102204,1,1
-0.205124211217674,2.81482750904043,1.29862243085499,1.80785933266696,-1.47666803221871,-0.548635313557058,0,0
-1.17363613236493,-0.347179031461713,-0.232772162522845,0.855922228579635,1.13173882641334,-3.18042082439445,0,0
-0.24597639151792,0.986583251607527,0.163903242683153,0.305546721288061,-0.523647192606828,-1.00319027412264,0,0
0.277911853908362,-1.68311824852849,1.72822425880958,0.0518596002473675,-1.5549206888238,0.138532222044734,0,0
0.623187595419722,2.96817388527938,0.456473161861311,0.772399305575718,-0.455398544227822,1.06864037919258,0,0
-0.17587603596207,-1.46649260451899,-0.414324296751254,-1.35891480632948,0.809665346718295,-0.492775686066533,1,1
0.0162963523478682,0.140510306596344,-0.437502701841932,-0.323892013539958,0.824741093336286,-0.0774275681899427,0,0
-0.0528242047304126,0.0443766753972534,0.093093612464827,-1.42106410390972,0.512153539715561,-0.731508145321586,1,1
-0.403303919093893,-0.180428665714708,0.0584923443332772,-0.784702800297105,-1.81922392687021,-0.578612125509143,1,1
0.0110402802911653,-1.64330032220271,-0.291243204407327,0.0485772189546155,1.86051170361983,-0.220692148991664,0,0
-1.54964335366383,-0.987084153823811,-0.250127707272147,1.20470152079183,1.27767325877716,-3.05807898107805,0,0
-1.3982174416344,1.10980122234667,0.127979419796513,-0.628912335464997,-0.491145530724245,-2.80757905551591,0,0
-0.312841543653623,0.159225485522219,0.491934770212913,0.585215827782595,0.803272493451012,-0.682561307746196,1,1
-1.75013759326103,-0.0471324648009502,-0.978301607302997,-0.402839075523016,-1.6502275266931,-4.36441197677565,0,0
0.576032237477672,0.317707755250568,-0.823846841253106,0.934466893458118,-0.0163756333633489,1.75357894488359,0,0
-1.38015146183193,0.176100927075849,-0.306944514449427,0.437979732390038,1.53563493633715,-2.99248538947626,0,0
-0.102208550376349,0.16619147923892,-0.446907633198352,-0.110669698373526,0.572163266411676,0.00524912348359266,0,0
-0.104684379384716,0.78120997520637,-0.309706286934349,-1.14762485961702,1.49334353765873,-0.624882723137421,1,1
1.83129769624086,0.616828186128389,0.0181881613190846,0.305094101920093,-2.51904720664913,5.71892892340247,1,1
-0.968182383287257,1.30209928437926,1.67795017849126,0.970993701869851,-0.0480472726187717,-2.81527406238122,1,1
-1.26566748620425,-0.0828810948108588,-0.503113261126614,-2.10477939547963,0.836325852015125,-2.61213766202622,0,0
1.62637607504638,0.349331107963773,-0.774099193373855,-1.31524056643057,-0.335768352870876,4.83531856457683,1,1
-1.78831697013842,-2.16201344010594,1.38551804643286,-0.43804342705102,0.268250140160775,-5.74876615052684,1,1
-0.423717689213445,1.33849309764275,-0.522863344555566,2.0236000108203,-0.0366061710581306,-1.6480045433848,1,1
1.01703939414181,0.894683230665966,-1.49222576068361,-0.487064722283563,0.446488762365822,2.0977056384725,0,0
-0.00570082755923588,-0.202921418881987,-1.7803829690749,-0.35461629156556,-0.0433163730179971,0.0311277688841231,0,0
0.138688667697296,1.89361192635631,-1.15793671193396,-0.0336369650641678,-0.0491461935937726,0.200230863753767,1,1
1.27332613812943,-0.2411801702311,-1.19648558887082,0.754250658133624,-0.305533939304962,2.37311809529033,0,0
0.552194515419489,0.352035694248259,-0.125963413907957,-0.7640602730576,-0.154109871831097,0.91551963047273,1,1
-1.30292839394106,-1.47530587758406,-1.50674016290047,-0.0238834989681056,0.171411527363395,-3.972864118626,1,1
0.175284433200629,0.212672537336879,0.391745208215143,-1.10601336569584,-1.01675108825984,1.42520188169481,1,1
-0.79898219309131,-0.774594236401811,-0.814996247800006,1.53001445185524,-0.396272707420492,-1.55246998875969,1,1
0.69355632160313,-0.628952941006023,-0.272593309130664,1.03505516323367,0.475560880938379,2.39871523407515,0,0
0.136043603527821,1.90129808641321,0.506014802439458,0.438916320312756,-0.473705598791617,0.616483699945915,0,0
0.00180081330609701,1.176456540892,0.41871169429125,0.0446755624491433,0.207802487534801,0.903970926345361,1,1
-1.89871528790139,-0.690383337715448,-1.31252005710121,-0.235886607061796,2.56456426734948,-5.78675274929691,1,1
0.555439783850574,0.957006961315253,-0.762405287114157,-0.292863803036151,0.591661985709585,1.76755935369898,1,1
0.309181367380659,1.01591492712064,-0.109139684305089,0.694885021370443,-1.47598728769337,0.624226131375722,1,1
-1.53486387733373,0.598813822585491,-0.0600200845911901,-0.600049053431607,0.256922423750856,-4.20587412852894,1,1
-0.737434216491385,0.0121162898405873,-2.01488405575709,0.352092213153835,0.814030780389814,-2.06517647435502,0,0
-0.558420134073196,0.27065425039756,-1.30427348188708,0.828283584549263,-1.98304838871576,-0.349216320471518,0,0
0.61144531869289,0.860967970121142,0.482893434623201,1.19224522828672,0.0634819669217658,2.14891130516605,1,1
-1.56854035678317,-0.380009343422669,-0.691503330661504,0.452559858080425,0.249982031569389,-4.58288771926745,1,1
-1.27784391741536,1.55762475726451,-1.65481005602318,-0.0124306162298629,2.27799104292316,-2.0898032299169,0,0
0.420380307362532,-0.118425102227477,-0.40094449403954,-0.630460685928788,1.55661121756518,0.809765462976583,1,1
0.0245041804712772,1.13584691057108,-1.51616143462163,-0.130112742691912,-1.41231974936416,0.224719130943477,0,0
-0.34315418069313,0.26923190208271,0.922346849564737,-0.706140219689017,0.0654876782036011,-1.54970363402974,1,1
0.27069565330982,-0.658056434647209,2.0015126102778,1.37045392072255,-0.183580558341481,0.679426316655182,1,1
-0.251674208030868,-0.0632752706951864,0.111453301387553,0.245874413139382,-0.75306750621582,-0.19424993161813,1,1
-1.81737090808017,0.54494969709443,-0.214169989157139,0.228641945153936,0.657038762927622,-5.18032668220769,1,1
-1.1971138201119,-0.572591281022965,-0.185978903787897,1.59826159127932,0.247581460407907,-3.27876290647306,1,1
0.486200090048024,-0.597399409300777,0.164011677614252,1.8116163336743,-1.48855274927096,1.88289777568077,1,1
-1.16123128466551,0.592124556894194,-0.292253747584602,-0.472925184471193,-2.06352809156319,-3.00816568397511,0,0
1.44636812770923,0.590941403340404,-1.32943402915518,-0.0548041568344929,-0.0285284945865371,4.38615231967709,1,1
1.48276053917907,1.09253941810376,0.621655960877178,0.72435385096204,2.40927842470831,3.33115958405456,0,0
-1.47089032784792,0.546119556290884,-2.20803874319265,-0.498217857504207,-1.21573658359492,-2.00141089873754,0,0
1.0499405244276,0.923549554506023,-0.600172129419911,0.684695154847478,0.68019743801455,2.41558218521728,1,1
0.134451921681074,-0.506464259769616,-0.286389666423597,0.677964823890307,-0.715343125883243,0.905596141096483,1,1
0.253239472158974,1.66408768222796,-0.28232308404029,-2.01632361883914,-1.07829684288724,-0.252493092662143,1,1
0.0802711764118318,0.658908656341322,0.847628435259957,-0.14608477114332,-0.0678426614988899,-0.363250983653605,1,1
0.360091028524564,-0.262016288159421,-1.61669429264528,-1.36606640690268,1.60407224229008,2.23508189306699,1,1
-0.3991777696535,-0.456256940566974,-1.29473075903845,1.17381665435169,-0.144088166895286,-0.658914657070648,1,1
-0.569121809144394,-1.37198906039116,-0.478512122759395,1.0772858195252,0.127358848391715,-1.30537735116658,0,0
1.74534089150548,0.780781758339161,1.15612504246355,0.14442493443068,-2.37557558751116,4.91143042113177,1,1
-0.873796427930589,-1.55653261677041,-1.55130851670244,0.497950695625921,-0.436917332471527,-2.24962175101313,1,1
-0.70123516337699,1.37274519225926,0.846312880676152,-1.00048124692781,1.2651410321884,-1.82907495727637,1,1
-1.1171788176967,-0.276414400917907,-0.159798708644656,-0.30189155581503,-0.74564719685164,-2.932676471615,1,1
0.280453242801975,0.389394145464634,0.591631174056806,-0.27192323128423,-0.576003073055364,1.32973304362913,0,0
-0.628110870705455,-0.946826313792043,1.14624460575899,0.195502877661184,-0.807728422234762,-1.33629151777116,1,1
0.0917840248286251,0.831188231134709,-0.474414792695905,-0.252276568729595,-1.43220039126096,-0.277295000111267,1,0
0.311142464947678,1.42447340558695,-0.0833261379217098,1.04249204296528,-0.165224144397954,0.761832585905285,0,0
2.46961800460517,-0.23200694681292,-0.772081323428411,-0.284204566703693,-0.849596187762134,7.38734441566804,1,1
-1.28824172285448,1.38083770267844,-1.83086694243341,1.25259436004537,0.446337299888397,-2.86757202471207,0,0
1.20948840552814,0.53010501751893,0.509024586618827,0.116315385000234,-1.12567156309947,2.97493529919802,0,0
0.127182661761134,0.479246639957998,0.0331620926492911,-0.439908570722526,-0.972266806179517,-0.0551901748369452,0,0
-1.21908832205047,0.607743004497381,-0.66728434300752,0.225111899723065,-0.413475080542244,-3.7256405986708,1,1
1.9474155717976,-0.709897200577616,1.88451661088123,-0.173400366658933,0.716889888772266,5.31576961184628,1,1
1.3878495842573,-0.365234089303035,0.0867137975597359,-0.315310642756062,0.0312502712301832,3.22390901203347,0,0
0.502306187123902,-1.47470943149775,0.183036757070446,-1.18114088125959,1.0209612807994,1.39492943263268,1,1
1.8533814737396,-1.56056143045424,-1.23953842043681,-1.32220517787751,-0.332952760857219,4.91279778108801,1,1
0.339060323172888,0.185930597323099,0.948108259891791,-1.09180251992159,-0.752115918563992,1.84036105280747,1,1
-0.291081815188362,-1.32285855119112,-1.09841882046434,-0.0809089174373802,-1.87089293390012,-0.50412314903123,1,1
0.978449451165745,-0.15907214923406,-0.899941463251411,1.44399725283442,0.661158947327972,1.99166298698165,0,0
1.27088108941347,-1.65742454476286,-0.357729423457025,-0.178376887019852,1.40454696770027,2.53303853220712,0,0
-1.82826411761928,1.16075381592718,1.59980792911114,0.247768144468361,-0.160329036965389,-5.42520228519762,1,1
0.384873569805353,0.492863743944886,-0.378584370436089,-0.286164356879878,0.53750666583251,0.692122841144576,1,1
1.07217521612871,-0.882853056275303,0.540313346550429,0.571332253633128,-0.673937325994409,3.31533530525136,1,1
0.542743786233643,0.381223213208745,-0.995453627293691,0.345516319451618,0.0773517932962113,0.569152565944746,0,0
-0.294695520533639,0.861577871692326,0.431161675461852,0.771627338635468,1.16370396713741,-1.05003570332686,1,1
-0.554143644654009,-1.64342114533095,1.22207275107884,-0.248479381252118,-0.116498129360736,-1.17987279662518,1,1
-0.338227219690888,-0.181845745738601,0.459597957973455,1.34152150747553,-0.933360201279431,-0.982843877319742,0,0
0.184664918048232,-0.114608584527192,-0.0378316478076221,-0.79750271739321,-0.791115073791038,0.106047022628916,0,0
-0.318313437852436,0.409391441320627,0.898183302316199,0.933320720447686,-1.79882640084256,0.0750865429307679,0,0
0.100141917479232,-0.727517915977506,-0.456286522687257,0.208092846538233,-1.08845569838879,-0.480383074658925,0,0
0.594796329466447,0.675366586201336,-0.36589883976354,1.30901634766402,-0.977573797625966,1.04274229421602,0,0
0.746553804540812,-0.267722712006732,-0.773936311397208,-0.619017445740734,0.799740603207695,1.4861998889747,0,0
-0.14962540263143,-0.578796346431862,0.318038827793191,-1.05245361125394,-0.751662775553446,0.0388503079893471,1,1
-0.947911633725148,-1.36170834749376,-0.169726699206416,-0.305984125316327,0.69393834439125,-2.3703531180922,0,0
-0.08338177697476,-2.45775803860105,0.0554895658624516,1.27021143226152,0.901719781582195,0.208645382079684,0,0
0.0963961694384015,-0.467099381623673,1.9535309555188,1.05442762741243,0.798662477958181,-0.0280356063059471,1,1
-2.07512834878038,1.78499980513671,-0.640512865801834,-0.352752390247843,-0.0119085511058838,-6.28321311950919,1,1
-1.90124396460405,0.669360629310259,-1.02404421467676,1.05697382264287,2.15102488433705,-4.14974583216054,0,0
-0.288072331923902,-0.85367195397312,-1.73172516887661,0.800931395270179,0.469451125345718,-0.498215363859716,0,0
-0.790005827494737,0.275772340984133,-1.96145326869795,-0.444933597387711,1.69165622892336,-1.06877565411403,0,0
-0.47306711646875,-1.86486345888461,-1.58146959624448,-0.943328125610704,1.16692048149903,-2.02543237866568,1,1
-0.678643783317003,0.76461160384975,1.94704419169289,-0.234941625844404,1.26959234859325,-1.0617843636981,0,0
-2.15179132463876,-0.493227828139022,0.85074067066301,0.776042297858297,-1.0857504418885,-5.5774419652356,1,1
-0.277011815604769,-1.20089785942567,0.955785394757299,0.37676884650511,-0.9578854835638,-0.210882400100897,0,0
-0.429282096916734,-1.39301588555374,-1.66302432152733,1.57071434206421,0.0268646703543383,-1.61595691677218,0,0
-0.335729802532434,1.59048487770266,0.658926152600633,-0.88679838015768,-0.34259688745789,-1.18438799040739,1,1
-0.757612457253237,-0.36884148182287,-1.13918538614357,0.582250212898648,0.182860690981833,-2.14280660572384,1,1
1.39355553591775,-0.0242197307999062,-0.865411284556969,0.341111406464217,-1.46301342590724,1.4124752691571,0,0
-0.413150249755802,-1.22793745403279,-0.000165313708057928,0.996457252055729,0.376212149267565,-0.997756384443404,0,0
-0.696178466252682,-0.279013731093929,0.597092360665185,-0.241289762719595,-0.401708150508739,-0.8778050120266,0,0
0.100472417611968,1.28957959293326,-0.257674421692927,0.968129257944281,-0.724347083174658,0.350448626915896,1,1
0.154790316169095,-1.13178404069636,-0.33277940163208,-0.597122393191469,-1.04334513459143,0.024988885926557,0,0
0.408857228951513,-0.188617960402129,-0.647708458320688,-0.427934596997753,-0.576261936497736,1.42407101260928,1,1
-1.71932320367149,1.84420311942349,-0.254686481189835,1.11169335732745,1.30103717272485,-4.96765509580913,1,1
0.8890829286632,-0.569936381068934,-2.65628792024215,0.447853898339896,0.426238038946641,2.25575036024704,1,1
-0.141385257614985,1.56593647179631,-1.16881892286403,-0.0749977537614445,-0.727350255848209,-0.936563900483795,0,0
0.187739855601328,-0.233203728532309,-0.176657959892471,0.706749051273535,-0.0433020094562648,0.93035202790987,1,1
-0.379647769081815,-0.678565864429623,2.14249338135884,1.24363243368555,1.53378408114309,-0.231848967233892,1,1
-0.45403416182632,0.11983347840089,-0.885507585871655,0.183453848213646,-1.25388666050015,-1.15253516971756,0,0
0.370753054514438,-0.178115391043966,-0.999055902019365,-0.925492311488378,1.01471139873675,0.11563898203995,1,1
0.285219718160198,0.501784783184972,-0.361059654356364,-0.0457862188599124,0.317775077576987,1.11094289599173,0,0
-0.105072242850533,0.0187145976186322,-2.53854614568023,-1.68290187323111,-0.89633769200605,-0.275882913893264,1,1
0.580538688590588,-1.22492057794299,0.446527971026035,-2.40400757417781,-1.5596190234934,1.86438561221379,1,1
1.16310200452063,-0.905670558587593,1.79392365735598,-0.209719209170963,1.4680887748563,2.04761171116362,0,0
-0.921604084255356,-0.30178409044946,1.78702046487563,0.71983329690134,-1.60254605725016,-1.8865997984269,0,0
-0.444349825738092,-0.672594464286482,-0.787110123179485,0.894604584592502,-0.6813565290612,-0.0365498427192358,0,0
-0.159740108053329,-1.19404441969062,0.19037955874584,-1.09817452691451,-0.0777675051942994,0.506179004679465,1,1
-1.26967172016103,0.328374005722058,0.90656345692916,-0.448131712343696,-1.04086513655657,-3.22519249108852,1,1
0.906046738053494,0.111659026624689,1.22965954535216,-2.18803540086616,0.71266186723066,3.64357523219678,0,0
-0.0554629700133174,-0.0906696181631571,0.867556336357017,-0.296589793239791,0.595916142684096,1.12231915652036,1,1
-1.19227455734903,1.50313782549195,-1.35521252969411,0.61918952824788,-0.474856395125677,-3.31265854140541,1,1
0.206004014801492,0.369617077578049,-1.70479051013173,0.983428875225955,0.404426991622815,0.155783721975929,0,0
-0.226289372809898,1.22491619068874,0.36208037172453,-0.650944435952784,0.952126722213615,-0.830838460273201,1,1
-0.510040208770895,-0.961000060653697,0.265212050060817,1.97672565795787,-0.514142366126882,-1.64286051794015,0,0
-0.742517843802899,-1.71258750222823,-1.60083282016923,-0.210875108753395,0.0306919054407617,-1.87788875271734,1,1
1.88900614502779,-0.428461232730074,0.842667456548008,1.04343746182515,0.348031913124333,6.01583161781749,1,1
1.23365354951632,0.328131493861601,0.769744344365477,1.91647311593042,-1.09088060905441,3.67305569803798,1,1
-0.567151829091417,1.73913074222333,-1.29355077393251,0.694905589449777,-0.501460886126111,-0.856790106182028,0,0
0.253267494634647,-0.0709125024954429,0.0836177478608304,-0.528813250327721,0.522649802878212,0.622696029594977,1,1
0.180730897333885,0.187612545243691,0.119789110429698,-1.63152685652717,-0.122241603289194,-0.102870001161427,1,1
0.743751208849191,-1.59411097117971,-0.409863896400818,-0.745402632507147,-1.55532666561923,2.26526976591674,1,1
-0.48231288670939,1.66017382152851,1.0989045956165,-1.46173198295138,0.1475315999653,-1.82951458016038,0,0
1.6871231233478,-2.47366865768368,-1.04366146874322,-0.150979766453208,0.839611505032373,3.09155969670835,0,0
0.707043199374491,0.16980806550854,0.0435587489436086,-0.350027505851865,0.0754307289141553,1.29300560292355,0,0
0.626843131017296,-1.32835421961857,-0.833039319510416,2.04001429921942,1.20059936880513,0.598137854098882,0,0
-0.427702933580605,1.36388428247328,-0.536501020768081,0.541555982713584,-0.172864460447155,-0.524533323477702,0,0
1.01444645009556,0.33988577064125,0.830647048985101,0.350954217940944,-0.682395938676765,2.28008714362506,0,0
0.692040254385161,0.19573903102523,0.427039979357206,-0.45843582846628,-0.163700191532599,1.80590497338795,1,1
0.628856096934036,0.484735060263488,-0.295618996374338,0.779088130876026,1.17603744623765,2.11376438538758,0,0
-0.73863181625964,0.03973310766644,-1.10838208652727,-2.63807672135504,-0.737584476116986,-2.54223440040905,1,1
0.326252175213458,-0.736603113716656,0.0796651078246266,0.205954664018508,0.681365432802964,0.735273663134123,1,1
-0.140899848287149,1.5707772728527,-0.914089338569223,-1.59538669493573,1.07348923943478,-0.532789071029462,1,1
0.058252553335819,1.32373652498092,-0.595914322319547,-1.45914421478478,2.63062032110802,0.213155623589668,1,1
0.106277779647448,0.872744496266315,-1.36548470688438,1.04266511768782,-2.29271757259349,-0.11727979533068,0,0
-1.284866130045,0.403401808569304,-1.41437112461709,-0.752971715991778,-0.742962616342518,-2.3132358496506,0,0
0.268969762062263,1.20950428872068,-1.86040183234097,-0.394703207380222,0.118018954579306,-0.427881841250345,0,0
-1.32423393920225,-0.193413519593046,-0.356828621824406,-0.445767638690468,-0.733157167962222,-4.19918734887685,1,1
0.217218133459882,-1.90788852245731,-1.68923935385869,-0.0249306089785038,1.27970605735126,0.114633496805459,1,1
1.58550621776584,-0.498548591274709,2.5358134538437,1.8797910297498,1.58184260252334,3.10746099331897,0,0
1.16682135403711,-0.956086728694659,0.0822991082520822,0.651147470082761,-0.0467844080307415,2.25314267302897,0,0
0.375156586432909,0.312810402171223,-1.03190658037605,-0.5071143673302,-0.518732803396048,1.18188519628143,1,1
-1.06146120474173,-1.37682600900861,1.15975029085217,-0.396305963810085,1.05168378911082,-2.97551036582249,1,1
-0.517968963777361,0.462275261575772,-0.204471972645293,0.82660064471577,-1.82567784477372,-0.323736821716193,0,0
0.0276021573359293,0.456191716174163,-0.182465263199115,-1.64283563391838,-0.397125580015617,-0.0699783577761587,0,0
-0.668217395922415,1.12104573677378,-0.646283044484075,0.286159085425348,0.081294609507525,-2.19025979612729,0,0
0.0603280896607072,1.23836530170522,-0.48947318567579,1.03087495339815,2.14928604779498,-0.235412485365885,0,0
-0.968896720814476,-0.806468822198931,-1.30321153619567,-1.08786779750845,-1.5317824263896,-1.37540769576569,0,0
0.528411006490103,1.72240784337943,-0.207228181268153,-0.22248883102638,-0.0824436241131557,1.12992090808039,1,1
-0.120856741877738,0.232456691922961,-1.11826745656209,0.0984099152317233,-1.12771080303458,0.0936026841144378,1,1
-0.725567695103597,-0.736465124210459,0.251839866859657,-2.13875668252003,-0.750528814534753,-2.35440034044704,1,1
-0.736013620743042,-1.41759559590189,1.63203041137308,0.927486852766523,0.105566429466569,-1.71308087383591,1,1
-0.40103880174551,2.08918396319344,0.430232770794327,0.365484243823758,0.560180479044233,-1.05969817989389,1,1
0.214489025340563,0.789552006785496,0.168333593775491,-1.74737904492107,-0.296139758726345,0.339035518300341,0,0
0.14597845102932,1.29813205751503,1.1151238475492,-1.28195703025385,0.93284759171323,0.411202437026352,1,1
-0.132980990964104,-0.582104318058009,0.253393177433223,-0.170651514856672,-0.245559188717022,-0.903716912072089,0,0
-0.8463709995768,0.838623394859709,-1.54723107142489,-0.32340036142162,-1.06808158647976,-2.29260264920663,0,0
1.23627692665041,-1.72614712153423,0.872399795463007,-0.839696130696204,0.86561548442545,3.45911893117595,1,1
0.27524326190256,-0.824797119716767,-0.791807504597125,-1.38608037406443,-1.25864044674982,-0.225133339354281,0,0
-0.479729670498259,-0.410382706895946,-0.538605551427877,1.132591115755,-0.612012412619067,-1.43447300886651,1,1
-0.124192940390542,-3.45335669235758,-0.581992281144913,0.191272223598338,-0.850915824292218,-0.176006350686214,1,1
0.512799742234176,-1.10344852112814,-0.484864054724269,1.42421664406043,-0.499839659884399,0.536052837973791,0,0
-1.79665723264246,0.615092372862531,-1.00227795741388,-0.935450306294321,1.13063993436054,-5.4701035787632,1,1
-1.24731492975648,-1.42248531506905,0.749003078083852,-0.21360304869178,1.66568071056698,-1.9123316215546,0,0
-0.935989936714891,-0.41064779545284,0.65689828000839,0.501591616769466,-0.0293707243435431,-2.1239012033006,0,0
0.858266509978763,-0.161038987129658,-0.273828233280072,0.376592864868324,1.04525365040412,1.63053931255685,0,0
-0.198793899658748,-0.880425973120688,-0.758904909623285,0.38739062291817,0.92491262424148,0.177687150092609,0,0
0.674168561492842,-0.0430319033763777,0.393524218677834,0.161878516911455,-1.09482607734969,0.726913583339336,0,0
-0.434687116064706,0.338976133946333,0.218861449801776,-0.462754408463303,-0.0442859483991163,-1.83349184429501,0,0
1.25573131815594,-0.844168329752571,0.483085004433713,-0.4585865774365,0.970526674659505,3.51800559980537,0,0
1.12201828093186,-0.743752272250319,0.662429456409912,0.227991083581074,-0.138017008789837,3.92196711374191,1,1
0.332895937943801,0.412954191240936,-0.178379509851674,-0.558433821894996,-0.35100479750937,0.620761289035184,1,1
-1.25939425168462,-1.39269455625712,0.314664877393847,0.319743571114027,-1.73853445995395,-3.94680073336893,0,0
-0.233721065326032,1.65313832867773,-0.956556853020351,-1.95664442916552,-0.594592637209874,-0.483722249434645,0,0
-1.36708191274455,1.52243561630433,1.39752254854076,-0.754719202854953,1.06766831965933,-3.06987265422169,1,1
-1.57571036148877,0.285807799060241,0.74669467990932,0.0466174296295167,0.921532922717431,-3.04637078614341,0,0
-0.832422638752675,0.0199316309260017,1.93228817289009,-0.781272960399025,0.0914210728011328,-2.25332946218795,1,1
0.860856999147938,-1.45293607636724,-1.49451959110181,0.169642707132614,-0.173874848563212,3.17277260547777,1,1
1.13903002227654,-2.32516967197187,1.72332681576788,1.85689504502318,-0.704777302925766,1.82534920076158,0,0
0.241690423408886,1.81597535252693,-0.734234416875547,1.57595994356184,0.0424377671549643,1.44322856504171,1,1
0.661608506985472,-1.84704205751548,-0.847139595633745,-0.749489145061333,-0.600582589838573,2.05570124225348,1,1
-0.759546417081567,2.02044096151681,-0.257313927106617,-0.0465972427985823,-0.727439395846735,-1.31748600652479,0,0
-0.183189410085654,0.375154337030945,-2.12867355145481,-0.280903727075594,-0.8440447759761,0.217770139996105,0,0
-1.24874038565124,-0.824088953032804,0.183158667835882,-0.776302982882078,1.7326165381895,-2.54806718605778,0,0
-0.171801159201968,0.104239340951295,-0.259494877523533,0.144849782103762,-0.649165725265118,-0.121977289657352,0,0
2.23013959426272,-1.46017524709169,0.991851522818173,0.0774395742989256,-0.0234262318191195,4.6127063492392,0,0
