"x1","x2","x3","x4","x5","w","y"
1.37095844714667,1.02914071931376,2.32505849371513,-0.601382997836582,0.25057806717021,0.617336709876794,2.49180730191437
-0.564698171396089,0.914774867719613,0.524122181151092,-0.135816136579885,-0.277924049161014,-0.00454114147551432,-0.963032172875784
0.363128411337339,-0.00245626667956324,0.970733416408591,-0.98727278492051,-1.72473573426284,-0.0912563600897754,0.0352321980527988
0.63286260496104,0.136009552413727,0.376973397152614,0.831925014618267,-2.00670494385569,0.399959374815336,0.71160600587111
0.404268323140999,-0.720153544943125,-0.995933396542156,-0.795059516415481,-1.29180833046846,0.588901656549108,1.78912449765153
-0.106124516091484,-0.198124330051216,-0.597482913048045,0.340464612015827,0.365838228483296,-0.0168780393868136,-0.560939770800801
1.51152199743894,-1.02920880604827,0.165251423080152,0.870429820346915,-0.152203253908431,0.418704182088633,3.20276822994003
-0.0946590384130976,-0.966955895852616,-2.92847717857757,-1.18216100524638,-0.734094090076209,0.800727964524838,-0.0968658404642379
2.01842371387704,-1.22081308891909,-0.847914226578549,1.02289397573496,-0.781972056981591,0.679893103827864,4.49174356596929
-0.062714099052421,0.836207703944837,0.798584512223446,-2.10843457624333,0.551567034812709,1.30966392253954,0.863207926617225
1.30486965422349,1.1149717984954,-0.298455987965219,0.229762637699325,-1.61084098443007,-1.89121447886908,-2.98835569407867
2.28664539270111,-0.412944852927091,-0.283611376945371,1.51171079155376,0.748176433090443,0.344907334668953,3.80245577343943
-1.38886070111234,-1.12897739800683,0.869519306648764,0.555437989150677,0.449296011237588,0.154762656644616,-1.90760939957713
-0.278788766817371,-0.0879313317770513,-0.544355284698977,0.914878801249372,-0.870062520443655,-0.766441731925565,-0.712857895890553
-0.133321336393658,2.24190369331262,0.628803235377603,-0.553396624279516,-0.0977479313579405,-0.752915043322023,-0.80820127325513
0.635950398070074,2.04131317075049,-1.42233445794539,0.298376089510017,0.893100213716266,0.524270675654365,0.934356066822058
-0.284252921416072,-1.71980033672145,-1.22751263333428,1.10637953965214,1.35091509526625,-0.355425297900245,-0.250295028630992
-2.65645542090478,-0.356906656122387,-1.67410551574443,-1.32914958483242,1.4889703943085,-0.260266497121109,-3.37620667589054
-2.44046692857552,1.53328049216229,0.0843984822448786,1.00169412888602,0.371067212847268,0.507208110031767,-2.39907774488683
1.32011334573019,-0.0382440966102368,-0.2061256639704,-1.40930387375741,-0.214473243512569,1.14320521055163,4.57063963112406
-0.306638594078475,1.59741324232642,1.44187164028206,-0.498781024681268,0.455494589939145,2.0668175182942,1.02557446625694
-1.78130843398,-0.333585393309883,-0.0417821033853644,2.62275685248845,-0.258111110256068,0.769866343085377,-2.59894729079626
-0.171917355759621,0.604985923915378,1.35375447776378,0.510665566028528,-1.00292375210412,2.00199794550677,1.65937671866458
1.2146746991726,0.224241239250251,1.94522527592283,-0.0908431942191987,0.84414348279794,1.27162090872777,3.78821238578122
1.89519346126497,3.22906949548006,-0.490938233708141,0.978765679210879,0.694658775896635,0.333520245850298,2.76314605613285
-0.4304691316062,0.92045256677252,0.388439074944612,-0.243808656888315,1.2610037476473,0.254072676090529,-0.170868193899305
-0.25726938276893,-1.20653906921592,-0.84489325918598,0.621808959213633,1.66655928933767,1.93091427212792,1.1295528873705
-1.76316308519478,-0.603881169163268,0.737990367871089,-0.344595219846323,1.47185793808934,-1.012929867412,-0.135032632252117
0.460097354831271,0.370235284622063,-1.07976033128386,-2.35522454584149,0.78931570508443,0.0644444403932076,0.386318011322386
-0.639994875960119,-1.90100064667961,-1.02647387624363,0.472387633353643,-0.0364542711833432,0.192373891357855,-1.00840170150747
0.455450123241219,-1.80440994496324,0.288793361578875,-0.511480194786914,-0.091283276642502,-2.34002446260473,-3.51661601510104
0.704837337228819,-1.12182260635522,0.0908113192871749,-0.573602199756116,-0.412862939041902,-0.351765901032242,-0.177876621180729
1.03510352196992,-0.34792960655914,0.262623176711222,0.00379720372860315,-0.781061198320081,0.346590938682391,1.25325976040096
-0.608926375407211,1.23890214863198,0.0693349127912537,1.34255092952781,-0.390092785411881,-2.82894105870644,-1.24270943857177
0.50495512329797,-0.274197564852279,-0.528643818856825,0.295461511559413,0.613837622009258,0.367872703584524,1.18245758592898
-1.71700867907334,0.162380715558193,-0.130202164518766,0.841786943605435,0.384677020333242,-0.285484066118437,-1.5646514361455
-0.784459008379496,-0.0646069097530627,1.62015874435582,0.62906429822047,-1.20565664981837,0.442733260452948,-0.675151002446233
-0.850907594176518,-0.705237097025143,-0.0178951233234706,0.101598399463067,1.19785122001404,0.71767113004586,-1.1975465199782
-2.41420764994663,1.36219726875099,-1.31848939894929,0.671120874661012,1.29114126665685,1.42389508632609,-3.25242409773752
0.0361226068922556,-1.09651318808332,-0.844560160581277,-0.138316374561719,1.48307160252052,-1.68539115613733,-1.30576440919739
0.205998600200254,-0.228433518546891,-1.10181487249111,-1.24931225315241,-1.22359523581159,0.0417293162320748,0.6483943065868
-0.361057298548666,-0.347828080610269,-0.900090143007498,0.347635244215357,-0.41317463437103,-0.632943830350313,-0.680353893981984
0.758163235699517,0.532128619506733,-1.26108391982248,-2.27781365917161,-0.409580866212294,0.0300992464318592,0.890681449963656
-0.726704827076575,1.60723456226119,-2.6258489024829,-0.986209181193632,-0.451164718262206,-0.129143576065387,-0.422990092822629
-1.36828104441929,0.513814526116594,0.669065749190573,-0.0595413435522069,-0.564698951728143,-1.17589928573267,-0.718033627545438
0.432818025888717,1.38237316057303,0.660041509230777,-0.160759490474124,-0.560010334496702,-1.80681938019899,-1.7657481364701
-0.811393176186672,0.763097048549903,-0.25060043539111,-0.420361520340292,-0.970558066992204,2.12031372450078,-0.633771418347946
1.44410126172125,-0.624584544634111,-0.723797316953819,0.988591016328615,-0.56282354617343,-1.32440568336117,-1.15712213408984
-0.431446202613345,0.0815438004289869,-0.812181632329413,-1.06961379110863,-0.332036443298219,0.275021593266166,-1.01177774514792
0.655647883402207,1.37607911136477,0.398734336018413,-2.61364346701511,0.193650109749296,-1.1088631832662,-0.267233862383371
0.321925265203947,-1.56126578615704,0.226563573879377,0.780451897662152,0.605642856272221,1.50774050493814,2.27396525994392
-0.783838940880375,0.324770660594699,0.42164357975321,0.0451050735540702,0.957873599425007,-1.76729877966445,-1.0623270382881
1.57572751979198,-0.156790316952238,0.00483794372409907,-0.108489158897566,-0.800818438984397,-0.888592273848649,-0.7421235517058
0.642899305717316,0.877783860734352,0.618983915096519,-0.391224310070966,0.0425486556052422,-1.21905138661598,-1.78140537571492
0.0897606465996056,0.750166575180638,0.431133944485928,-1.6869995043286,2.33570086201341,0.0502813662769896,-0.0886883389439792
0.276550747291463,0.30105340384283,0.558312370187223,-0.95270445515168,-0.461867455821985,-0.490812951536646,0.408227621774525
0.679288816055271,1.49281111722931,0.495961280672009,0.507414112103395,0.740429906040657,2.3850599584663,5.72147402724376
0.0898328865790817,-1.5254938001697,1.66188574094578,0.0188160990067223,-0.698344660682268,-0.00438812697078212,-0.443322820967732
-2.99309008315293,0.910717558486022,-1.0550346122045,-1.41891037358562,1.06536890145562,1.33169035546128,-5.46964452700653
0.284882953530659,-1.57953202785754,1.50832468678,0.598171931352236,0.545516821338762,0.820808669126654,1.07071268244406
-0.367234642740975,0.587716257118582,-0.334208656655074,0.786379621743228,-0.918209320243205,0.685679030525222,0.111797476903518
0.185230564865609,0.0896422960007244,-0.0649807438184409,-0.134633045902237,1.02519134367607,0.515880947876038,0.970937574421425
0.581823727365507,0.96726165694984,0.0810815387134028,-0.016386517615323,1.12573840290613,0.273801847190434,0.756170488297918
1.39973682729268,0.0788123529148234,-0.448214795538841,1.40914040823509,0.882800384998406,-0.713335909234142,-0.168430973119165
-0.727292059474465,-1.56869983648609,-2.55380695026597,0.394838698802266,-2.76807861085069,-0.343044145090591,0.0131945766314535
1.30254263204414,-2.00782318401609,-0.312932535119014,1.21987512807247,0.143826578856264,0.468979532578923,1.84191963707001
0.335848119752074,0.540973524238763,0.0413831520402976,-0.0450772128729762,1.5198831251518,-2.47583251603368,-3.17041364392375
1.03850609869762,-0.0733765981084255,-1.73772806133762,1.47948784483878,-0.171316078021067,-1.85544128847299,-2.59521787540825
0.920728568290646,-0.571018393558081,0.54993965969838,-0.0756837866923921,-0.65814499931795,-0.420507917893379,0.299761526833635
0.720878162866863,-0.311068459853641,-0.597273692593322,0.917748457199555,-0.154294602086388,-1.86603756721418,-2.45655289686971
-1.04311893856785,-0.671415067101365,1.44774180603655,-0.344778713742413,-2.3830393163367,0.113504700739202,-0.874696125538844
-0.0901863866107067,-0.157340452080979,0.264868114264259,-1.07700265605392,-1.1382970912816,0.470018677123532,0.255157317983216
0.623518161999544,-0.93130507099987,-0.788782807782472,1.00160472735829,-0.0872555328125386,0.884594160133231,2.15466425026746
-0.953523357772344,-1.98300947947013,0.167732220671529,2.29600404077134,0.835326720644203,1.11360999293018,-0.936115822119252
-0.542828814573857,-0.219599804249378,0.25758310820126,-0.325878115450014,0.212110868191506,0.566850429321619,0.174543972005559
0.580996497681682,1.04527586946239,0.912047367450309,1.46885612852932,0.641346301404555,0.546022842611285,1.79953150688538
0.768178737834591,1.87732956629967,-0.156872382554867,-0.236908933173859,-1.0321009677859,0.23984260522916,1.18271848976475
0.463767588540167,0.00260619595716637,-2.03337570844709,0.923493117890428,1.4857706537531,0.0341353438230838,1.17029723499112
-0.88577629740968,-0.0806699347091655,-1.29966582307858,-0.989191806701409,1.19047624727791,-0.808091219300186,-0.89288639060662
-1.09978089864786,0.96298228123987,-0.857250659929035,0.275646278286709,0.617226731476435,2.22763232322792,-1.03264775094965
1.51270700980493,0.0535710165465174,0.426265294536191,-0.763661093561037,-0.172938324465871,-0.792524128713455,-0.36472148635408
0.257921437532031,-0.434898408910037,-0.284836263084754,-1.35211198419997,0.861580440756975,1.69728053235192,2.08673707188463
0.0884402291595863,-1.73729725534231,-0.614368541969862,0.655024410228004,-0.620085924544441,0.938924807290475,1.47741882808576
-0.120896537539089,-1.26369559978243,-0.844890832157483,1.60964676035496,-0.878213047268405,2.03529495828804,0.743087376155587
-1.19432889516053,0.406308512069273,0.153694957218872,-0.788506965877911,-2.22859514687621,0.731626386528303,-1.82077746241015
0.611996898040387,-1.45965396777976,-0.851432275778188,-0.883876112525995,0.193263225267502,-0.419847340595375,0.249017521875282
-0.217139845746521,1.0484573701547,-0.397921072942885,-1.07251461179358,-2.31265671694031,-0.309743506851099,0.160513119391735
-0.182756706331922,-1.3464305394502,-0.939977226280953,-0.458140981447841,-0.0243337921357311,-1.36067647446631,-2.04821195850659
0.93334632857116,-0.193570558113494,-1.38825374141942,0.665647015578227,0.441340589239052,1.03771431038458,3.53090592751538
0.821773110508249,-0.00233595711367605,0.955184588863398,0.712228212418725,0.789576753769568,0.0462178272837365,0.238877225798458
1.39211637593427,-0.0128297338671881,-1.31749547003238,0.442954227499162,1.02181962668272,-0.0577733552767567,0.955755639676216
-0.476173923054674,0.151947321984398,0.0730291461596218,0.759587312059179,0.615261159537096,0.0767390706997009,-1.10072207921981
0.650348560726305,0.598511131401079,-0.56818584856837,-0.468877666019124,-0.859577856168591,-0.633641164106258,-0.486436931782006
1.39111045639,-0.126212437298279,-1.05845066878383,-0.172709977883837,0.890748976368977,-0.423413462128983,0.403251372035761
-1.1107888794479,-0.248535565846776,0.259313538417069,0.682049899385807,0.0632747474874033,0.776691007043517,-0.990799389988804
-0.860792586877842,0.160327394904622,0.373134504519161,-0.281577328241543,-1.86466105555997,1.31090723646561,-0.889481354838898
-1.13173868085377,-0.433641941597269,1.26466676928415,-0.961622573931821,-0.1131368509232,0.0583013062676336,-1.14924604790075
-1.4592139995024,1.53741241910027,0.325224996068265,-1.37765014473256,-1.78338637587516,0.245398357259442,-1.4203961479439
0.0799825532411612,-2.17024657661608,-0.138467319508306,2.69758663663836,-1.05349044072366,0.232324718377114,-0.155321975952433
0.65320433964919,1.02700461929143,2.6024688972798,-1.69971505556293,-0.619354677304664,0.188775899725465,0.614711949488215
1.20096537559849,-0.248482933189933,-0.650284428487915,0.0293166527942015,-0.586938576519139,-0.241815887985519,1.35795292917631
1.04475108716773,0.422320385832393,-1.00318322831336,1.93431433615124,0.926975731943589,0.572136317124428,0.738058786824158
-1.00320864683985,0.987653293639674,-0.535113912874478,0.837510875177963,-0.0654058453375009,0.705791797687352,-0.527555001951384
1.84848190167275,0.835568172035023,-0.110414566776788,-0.185346331084667,-0.937111758775164,0.204899603994032,2.96215183276992
-0.666773408757817,-0.660521859045705,0.600430169313573,0.533329177764386,-0.633859433761415,0.552103380111652,0.192682401609357
0.105513812456069,1.56406949329184,0.415845059598682,1.78495624201476,-0.575224286015068,-0.568871310357778,-0.724159149243767
-0.422255881868856,-1.62297593529155,-0.105750646676992,0.189627819830131,0.188221041759335,0.192717755598882,0.109079157981497
-0.122350171954971,0.863896373478988,-0.856562538246121,-0.5690875121866,0.539655974462932,0.621347221610975,0.530694739112374
0.188193034501498,-0.5116027734362,1.12732733432216,1.45189294457212,-0.420884069657012,-0.10721561163254,-0.258188409409226
0.119160957997006,-1.9173650254454,0.916281621448453,1.86899345256532,-0.339466559977085,-0.124075919558077,0.256724024025374
-0.0250925508674029,-1.86581384861995,-0.724379592724361,-0.984554893737541,0.518080388363255,-0.465021846854624,-0.293270400879997
0.108072727942033,0.245179063439689,0.686779087574742,0.718756763904366,-0.869387621013225,0.573407762486937,0.548938347777993
-0.485435235846668,2.22353430190807,0.450085791644612,0.129347296958262,-0.160670914154826,0.254936081717929,-0.58430053539893
-0.504217130687903,0.273376064144465,1.04522160610504,0.701641308893363,-0.142616786605041,2.67214420120392,0.687643091907023
-1.66109907991481,1.13078479452828,0.149629034437439,0.526697831887448,-0.765210967844204,-0.134495017662124,-1.32146386582447
-0.382333726873818,0.838669374060099,-1.14106715320069,-0.0205130989546023,-0.659800571317015,0.111574061825906,-0.339594605423068
-0.5126502578778,-0.654615277878205,0.802499402419657,0.438251047306971,-0.307405440413442,-1.01000268728494,-1.68096047880348
2.7018910003448,0.953960978479396,-0.728716530969446,-1.21052856570154,-0.881927450206018,0.887879801316049,6.14301451127746
-1.36211623118972,0.352951465489323,0.527209285728481,-1.4044199438289,-0.0953451587484263,-0.307217559138982,-1.43436596842583
0.137256218558607,0.206599292649613,1.67347877221231,0.720749157209312,-1.2759693730741,0.133164992636376,0.669106562792778
-1.49362506731629,1.00111323431025,-1.41882802027083,0.0860355032767252,0.375584983964806,0.945326369680402,-2.56465100592455
-1.4704357414368,0.747451991640276,1.56191080116889,-0.13161704140846,-0.469230372596356,1.52568672984904,-3.1424516754055
0.124702386197007,-0.626574836723139,1.35316100891808,-1.67605197893984,0.79893320361921,-0.247450568194144,-0.402480551329187
-0.996639134884037,0.395223685936714,-0.528696776691558,-0.569497990768114,0.426288199258715,-0.35660370110431,-1.31635988713848
-0.00182261430470819,-0.892167954045578,-0.251272775479278,0.192205150896545,-0.512132013193506,0.207968407569953,0.543882713085925
-0.428258881425815,0.630818410091773,-0.685847686292498,-0.486322920752822,-0.347515536975732,1.20925334744545,-0.671584535046776
-0.613671606449495,-0.432705183284567,-0.570367652254122,0.0812840129938752,0.609392746386973,0.116558887074206,-1.10291784198001
-2.02467784541911,0.452138644218517,0.579631381546157,0.384897246784297,0.735464318036699,0.192066193440929,-2.28448652665919
-1.22474795035999,0.367999045196345,-0.898959005252115,-0.137501971038181,0.476708560673323,0.786616109492443,-1.76968051790289
0.179516441117938,-0.270387489661909,-0.190329887912783,0.427593109239094,0.328285766781953,0.739840689710885,0.956549793847717
0.567620594423535,0.465512617712979,-0.143903377346461,-0.243064448539363,-1.78126747525362,1.08669203144834,1.67199127102555
-0.492877353553475,0.574356225626969,-0.0965726512875553,-0.318352827853891,0.119396421345399,-1.95280729969486,-1.89531746862786
6.28840653511241e-05,-0.230699990157411,0.181446715722357,-0.254106393508011,-1.41829537201652,-1.18242682652454,-1.6422046338523
1.12288964337997,1.17224250830245,1.59657420918631,0.638887430163065,0.076034377653877,-1.18067847791903,-2.25549464141691
1.43985574297619,1.39270270673312,-0.451331739893457,0.821065383166085,-0.660833242210851,0.376981101876066,2.55115396151289
-1.09711376840582,-0.661991255709585,-0.794880224800819,2.33547908658196,-0.105506046058469,-1.35679104068327,-1.23588538913699
-0.117319560250177,-0.777369206725014,0.792284349652293,-0.983307557611062,-1.18008588758692,-0.22860827167565,-0.597078158940709
1.2014984009197,0.51353857890878,0.380472299761027,-0.707457440006258,-0.164359186462737,0.423256564904682,2.68777631737488
-0.469729580566301,-0.913312238041272,0.235787982992453,0.644149101349918,1.5194407743176,1.94090825966462,0.893348453786771
-0.0524694849389963,-0.449423805250301,0.59098826352041,1.63766532994621,1.82516507817365,-0.241019348067338,-0.6276821901339
-0.0861072982370895,0.802932699103618,-1.41193020207889,1.22664817466431,-2.48863985015353,-0.0209705719304921,0.33472425147983
-0.887679017906431,-0.573476850981104,1.06329579229111,-0.467705618330812,-1.65432225038973,0.235647056296984,-1.05069758770996
-0.444684004884738,-1.92812516784833,0.453917878897591,-0.678231063737989,-1.42085528137192,-0.595344815613527,-0.990912819905731
-0.0294448790882381,0.664390833822148,0.951312977019787,1.69640227133044,-1.27629656625184,-3.19955843375579,-3.05157035178532
-0.413868849057924,-1.60254022379425,-0.598517713401516,1.54284685008907,2.07910079937255,1.5112784716271,0.542198343244247
1.1133860233682,-1.35460025745385,-1.84194005034614,0.214527592060943,1.01553602068229,-0.343587003482767,0.333480916069234
-0.480992841653982,-3.0179326794179,-0.484589533147934,1.70068829575232,-0.109612816175039,-0.716929115298069,-0.979077989176117
-0.433169032600729,0.831237822230063,-0.906846815023397,-0.00798682964789259,0.981518881029313,0.287909147297481,-0.0699630198913187
0.696862576552103,0.251097088847344,2.22276244740438,-0.817900364802769,2.26134720681062,-0.617472756244325,0.146181279586696
-1.05636841317091,0.46229346594133,-0.41346657637618,-0.0506101702835437,0.637089923803561,0.920167406912455,-1.3051735847277
-0.0406984751512149,0.844792223223237,-0.215673846704644,0.0799210865490335,1.77553654284699,-0.454100665235518,0.249563201943635
-1.55154482234759,-0.0419715243215621,1.06297852007115,-1.55957109789405,-1.1475015474698,0.855761324504685,-2.44103411483029
1.16716954923568,-1.10557590570003,0.620346526580243,-0.171497956746292,-1.07932259375455,-0.233542837588828,1.66177119984588
-0.273645701374081,0.563775652330874,0.673066651879,-0.418607092832335,1.06794985879243,-0.978371478897954,-0.574143518715121
-0.467845324672254,1.30336475581967,2.63370956294833,0.491286818033161,0.89175319136426,0.737215963533883,-0.256295082040821
-1.23825232798621,-1.50022093779466,0.16611439867297,-0.53122843123103,0.870096509939708,2.44160362468046,-2.88279598553593
-0.00776203377732663,-0.606989235119036,1.90517553753426,0.482220117734896,0.48576246486856,-0.992492651489919,-1.19157564722326
-0.80028217795166,-0.292245065656577,0.253718401313083,0.536291040049325,-0.471093692846051,-0.440736144505333,-1.06210400242558
-0.533492329950436,-1.2896833433236,-1.4590219672543,-0.279324207858902,0.949629993820546,-1.16938753229774,-0.356544428610997
1.28767524558459,0.694105848774699,-2.22724824128035,-0.0435072647005839,1.84772759129207,1.59198798945038,5.11774479726761
-0.175525870242127,-0.599181902897119,0.649683551167725,2.38151529195951,1.24040742887073,0.127274716720975,-0.98114892497066
-1.07178238415068,1.25690664397164,-0.999249864768557,1.54803111335561,-1.38081421835124,-2.32709865557149,-0.768394058942183
0.163206882467382,0.053508013627363,0.0419723836763139,1.55476199852898,0.474676877291482,-2.19677491732732,-2.86350068784859
-0.36273841562795,0.728092517671852,1.77704370004004,0.058111230113913,0.0123463579876949,0.939165264428458,-0.61469102234677
0.590013547987339,1.56109806821061,0.347182677337207,-0.839778915527164,0.0870999372857267,0.299162155572667,1.52520381000763
1.43242192773099,0.26562475359719,-0.287097446149789,0.571123448655482,-0.182368193763325,-1.98992669349438,-3.10706653822681
-0.992692511109493,1.07672625920727,-1.92457665210911,0.0660477825630555,-1.26567026582532,-1.20413480040692,-1.20150307489731
0.454650297580283,0.210697931679245,-0.800649109339913,3.58465949292999,0.331283912940739,0.398345738001552,1.75283988416845
0.0848980586784873,-1.51167352582237,-0.575617970726623,-1.93189555365127,1.35172863098665,0.0447565860236231,-0.0226482931631378
0.895565582264545,0.022402259913625,0.684205732670356,-0.202832504245977,1.63656573626269,-1.8661608131691,-3.48455682350733
-0.229778138946267,0.718136206042103,0.483457347617138,1.48371520427311,0.479932228852687,0.752522837991073,0.805307447352902
0.836619068460613,0.48945701784227,0.0139634087073798,-2.09851640016451,-0.736315911257857,-0.425684374542395,-0.282701385257952
-1.74505586133669,-0.17388834587827,0.180243734625121,-0.25964866605676,-0.583016619413601,1.24417031633511,-2.60337646469932
1.68945892131337,-1.2176994886684,-0.2881232483085,0.334067935887184,-0.611431981951386,0.450349279282091,2.43903390944254
0.864777978518578,0.646398368709462,0.0302272228902285,-0.21963759163322,0.603350043610892,1.18280748259793,2.41822145052435
-0.150775988885748,-0.91645602834789,0.271674108529486,-0.931771803289107,-0.235763339357311,-1.96397811110401,-1.59791704550082
-1.44900713013917,-1.25182344242557,0.449158427413426,-0.122240218296576,2.90421609162339,0.746612868701424,-2.23358514695302
0.643008700041982,0.594927718405501,1.82762765843039,1.33852842346176,-0.268291279315417,1.05132374710196,2.09955671321575
0.483193863814768,-1.23281066518983,-1.11202371088381,-1.34833119004437,0.148092848403041,0.524171085063729,1.6226821523013
-0.00635562642138871,0.244364414906138,1.47480743158371,1.41483572450998,-0.206794982835284,-1.11558427972452,-2.39603908261199
0.151455892862424,0.00277218534359506,0.671512460144391,0.914048945514682,-0.642560138451547,-0.04776622165316,-0.372153641802469
-0.584108970349804,-1.32820968602556,-1.54532854371443,-1.23668791849331,0.847571823884568,-1.91702894207942,-0.616603786822245
0.368806732630242,1.17969641183278,-0.277047227991105,-1.50076035467463,-0.527572126400654,-0.571730237839681,-0.416474535217651
0.294654339719516,-0.592804999148929,-0.62934299197198,0.0345386838965327,0.00237075710813171,-0.748196633636421,-1.51559352416149
-0.279259373342575,1.19997831633667,-0.933000451619752,0.286299645402692,-0.281880233551283,0.345178956409604,-0.055184266003427
-1.33623665489315,-0.475033679612135,-1.53788648422826,1.18620809384561,-2.8284746523873,2.16395110444013,-2.04108978112856
0.700748818440034,-0.575057096150816,-0.494102049599945,-0.037549371842548,0.650930316327698,0.336646342204412,0.885364545775364
0.554196622274034,-0.031226024608499,-0.435360015270196,0.420371593973559,0.157759171113334,-0.41786398353582,-0.437915222628262
-0.836306592801415,-0.358056995978456,-0.323544676280226,1.28924648234277,-0.853437022665369,0.923691020706286,-0.704616879600254
-1.59458816200624,-0.356601077647731,-2.06111361891619,1.17068918509962,1.36310008597407,0.766766592335207,-1.63062706565938
0.204958580587634,-0.877664383433726,0.441502555095545,0.826093654084712,-1.26289617117116,0.248748147903931,0.08398578728788
-0.34508797797289,-1.21289712517796,0.746351246566367,0.323917065090484,-1.77794654572074,-0.657218034949707,-0.417393832073778
0.252611703364455,0.613286618687034,0.789642873824685,0.380950411454549,-0.686919645075559,0.583124169133963,0.0493070356574764
-1.29400246548455,-0.806203341462477,0.770740507039544,1.20261958279329,-1.18433552229326,0.690682867666824,-0.501636571592649
-0.959170444380363,-1.3764569299089,0.200506317830367,1.10220575073214,0.789677301727648,0.291864679995948,-0.561710491265057
1.0857748536799,-0.507847899163547,1.46835003167775,-0.0615149399791465,0.0859637709502686,1.92307416746338,4.78557553993022
0.403774904715714,-0.800935486737338,-0.876455483940753,0.364589913995779,-0.370061442579403,2.30612974849875,3.58926469749707
0.586487536719298,-2.19278568567007,-1.22660469372111,1.69255229998577,0.00933636704307702,-0.98919526784311,-1.59912758738541
1.81522844615395,-0.290937149267675,0.337837919974576,1.47136701247198,-0.951059591672824,0.401427408509758,2.47888437426987
0.128821428602383,0.167174121160518,0.440824087254149,-0.977247661344119,0.181717711397805,-1.23238817325492,-1.11356549246068
-2.00092923773151,0.294692356485688,-0.746516451736769,1.44820167458194,0.190339844032856,-0.544689343472721,-2.48799672859332
0.33377719743357,0.392741265420726,0.0366061204319243,-0.0858556605918652,-0.0717387693981193,-0.434532959022116,0.0928316564020603
1.17132512735879,-1.00084371300082,0.323309624203048,-1.57376980165346,-0.00285171005059469,-0.140845191963231,1.28369595193854
2.0595392422993,-0.325727119823434,0.379676032401592,1.29247615946669,-1.10821896191248,1.75814127006527,7.49976338981514
-1.37686159824052,-1.00834880542884,0.876556495795362,0.0844677555677161,0.935191767373595,-0.830141420577255,-1.45813799431091
-1.15085556562711,-0.635431482033766,0.933387987569637,0.967045996480089,-1.48583945173733,0.514427756122244,-0.911641347931754
-0.705821394760121,-1.20984068798734,-2.42880752268242,1.93911299421702,2.22854189842651,0.787131076627757,-0.575911021587122
-1.05405578207719,-1.11646380065269,1.72799402342117,1.07987263816564,1.6241352225378,0.242015513717525,-0.17925061365301
-0.645743723142491,0.629881162575935,0.456002646277211,-0.353593526833153,0.519764625253335,0.559916806561637,-0.195712605061077
-0.185377967676503,-0.272521570178626,-0.570360345745652,-0.134923124718565,-1.352028636762,-0.650418509012264,0.214749631500001
-1.20122205073999,-0.258841168378671,-1.11462440217797,-0.987132433307501,0.426123827628841,-0.458392616404943,-1.41372987120807
2.03697216698315,1.72955817989149,0.905064265563895,-0.821708146060393,-1.66318758520667,-0.680486321714024,0.546881809168804
0.107774744885547,-0.0583921654073716,0.328096015484134,0.489530922514731,-0.269943621830999,-2.19243732797149,-1.83627737815642
-0.0841081005055806,-0.537063784608919,1.07808996004782,-0.299277458909478,0.790790959773877,0.625987094854832,0.807879987397137
0.495619641604594,0.74728669616574,-0.060315553702501,0.658254898574355,0.840608638772999,-0.415461682891878,0.760330834591654
0.0374151861179653,-0.487257835389733,-0.243518761963125,0.832409549670791,0.0329694848504644,-0.17630383376965,0.443670193905519
-0.13208803695591,1.37290778147951,2.24142256068828,0.363463261222694,-0.238163753848546,0.665259163558917,0.99564966770225
1.4767874235521,-0.377672360646221,-2.03599297085583,-0.398645658616952,0.263552286150818,0.0498835161725022,2.28881232697808
-0.217030210092103,-0.616152614118394,0.390914465082838,-1.4979299895057,-1.59178517406521,-0.111450292883659,-0.662925109221342
-1.28360220409223,-1.16812505107469,0.384813342899653,0.114628175272466,-0.376235068846935,-0.529151371898205,-0.789277339934497
0.385667890443402,0.328640358591086,0.438695599541397,-1.03781661733663,1.81252714991038,1.61586225377977,3.25876705927759
-0.351512873529092,1.46651062744016,0.55814090204657,0.645978871261567,-1.73809968261789,0.139510593333388,-1.19708643896828
-0.521796093356269,-0.356009545088913,-0.276406382977446,0.772845400058577,1.62911115074531,0.119583697425689,0.159430771987042
-1.06813120068717,0.261467641877431,1.16628807898223,0.316014158120416,0.528105441488507,0.979865755338673,-1.6735408358329
0.428365903266692,0.333328855175731,-2.45427723493739,-1.03811282479823,-0.360444186597554,0.379384347932197,0.233180786757684
-0.174018234426995,1.42219324030954,-0.805566259454567,-0.755137290088853,2.23761689061182,-0.880212619427024,-0.952438434322864
0.515667728648029,0.663876600666173,-0.119144550620025,-0.491504309692582,-0.0401996174749625,-0.406452972046551,-0.957812997947913
-0.234365277305921,-1.07365515569531,0.163216234138794,0.147225745107845,1.894125331564,-0.777125159688669,-1.21656010204948
-0.658503425821771,-0.69690177466674,0.406479507762917,2.35650304328533,0.024804649937664,-1.68350202776482,-0.80963661698071
1.25023660407872,-0.746130456934561,0.639339995644309,-0.920668767105905,0.553425403100445,-0.166982560101955,0.916103953423041
-0.271763715111397,0.141572872132219,-1.50851763737235,-2.15684778320885,-0.574350945442218,0.593948229116086,0.803313420967884
0.947951995875196,-0.00394722073065307,0.00767060439702689,-0.120400049561303,-0.928337006439503,-0.518159140749172,0.0766253224486567
-1.20158243010894,0.367937501091766,0.524168022000385,-0.839244329563709,-2.00042544129482,0.44119836360764,-2.1460916411171
-0.466116096375502,-0.657342914697247,1.32633587157079,-2.17243990871478,-0.622068696299165,0.755600865049457,-0.637487967732686
-0.26935139515318,-0.376346670161052,-0.113567734432564,-0.874307976154287,0.727145566485242,-0.112960860177346,-0.271992930223464
-0.390965408130861,0.741360060425085,1.59914947839686,-0.373579348902497,-1.10218330324535,-0.47462538771123,-0.893635030883915
1.34870701199171,-0.0996067564484702,-0.281528098928179,-1.10219771209642,-1.15946277085336,-0.702121930359935,0.153129412836681
-0.0227647012984126,-0.654289878607095,-0.0498981389105064,0.715659860663444,-0.43890563975272,-0.279371035837961,-0.220326457538674
0.24422585110345,0.971164374061271,0.160214127321124,0.907640305684175,0.159134206763553,1.56420974922256,1.63569242588993
-0.942371707863923,0.0134963115683865,-0.502380562405328,-0.324805133785133,-0.49460068553302,0.091093609568575,-1.21152650428981
-0.729217276509575,-0.916534667021545,0.715938048776189,-1.48158593228175,1.21236784558103,-0.462187981024542,-0.344975569275726
0.998068908554848,1.70968856126164,-1.34578730316321,0.594171138863542,0.292632425911828,-0.450438751827904,-0.374644796844844
1.25848166459556,-1.16810098994666,-0.0056435653021491,-0.854874687119544,-0.0360424610323628,0.0730966154107931,0.673411103706449
1.2488636888101,-1.78103626015252,-0.540542549739533,-0.829917536632547,-1.10261610256618,0.131353009028611,1.82684073276007
-1.38063704952533,-2.25313244856822,-0.547073740849682,0.149106814964156,-0.935640286949069,1.34563639889239,-1.80146673417125
2.04996069363639,0.651125969546699,1.15144538704443,-0.976146041384047,0.460837326820304,-0.423361472072342,0.360360803661546
1.01687282979954,-0.532832625602767,1.05221968194591,-0.294684407656388,-0.332363462610624,0.976942283768021,2.96414793568881
-0.0267174641382579,-0.275559356972283,1.59802652870266,-0.770974915815347,1.10616326882244,-0.6309804050454,-0.564026300422549
0.70360777879826,0.289626972629046,-0.263796793108458,0.392283707078743,-1.63369360485113,0.219751181001007,0.694665392967474
-0.971385229151864,-0.466484061790764,0.0324007875469165,-0.846305904884495,0.335192800595372,-0.345672485091224,-0.798899901931904
-1.09615624155886,-1.60806017494469,-1.55158330768591,-0.843759930930453,-0.524657444990142,1.0059050442053,-1.5396397748039
0.0490504509375971,-1.94978379604199,-0.388179430024523,-0.961888444288268,1.4633710753022,1.39731579966728,1.34332714465109
-1.19849585655778,-0.340699918230981,1.76414812218013,0.0110496533565447,0.427178041986582,1.53536108075324,-1.13183400044032
0.190018998559748,0.17472552733132,-0.41652772756372,1.21494896542184,-1.02512982017635,0.684528247552368,0.861851764217307
1.29770589960467,-2.27777756077723,-1.16633868878939,-0.888878515738284,-1.30805832132281,-0.505352566351759,-0.698387511322008
-1.03387372296475,0.290524480947084,0.0418945661851059,0.218101261446603,0.229601886628634,-0.124233092127789,-1.16186050634663
-0.738440754213064,0.422306357473614,1.24648913025954,-0.656116999607038,-0.307021277811913,0.301334745178827,-1.50960106367283
0.0465639394508634,1.29473736320671,-1.57797130420835,-1.08851584728066,-0.0838330995421848,-2.08736714684124,-2.4014156516579
-1.01759611982611,0.164714018573954,-0.253820471789102,1.0911308981077,-0.165731840611065,1.4203970626931,-1.36109749516413
-0.383283959886278,0.204953840800235,0.467830542050614,-0.569227321657799,0.655012558663501,-1.06897934731921,0.544719222211707
0.872755411671398,0.604603626725806,1.97752999445585,1.6208101305906,-1.07483472817753,-0.459351897002142,0.258104455635853
0.969545013970117,-0.0191407691689314,-0.615605794843624,-0.686988445583741,3.4709096034659,1.33166610954918,3.81332943967156
0.383846665027094,-0.0797143473788086,1.51942160121109,0.656996703568632,0.294080892384018,0.409776277697745,1.05101329194768
-1.85155566306746,0.115984464402805,-0.43289519356181,1.1106922152347,-0.536373846346391,0.472336504221015,-2.51837409406946
-0.0539967368261657,0.744173364048388,-1.03101770806171,2.14072073006633,-0.144773495445704,-0.749698629326992,-2.10179851400167
1.06477321433828,-0.431290603527693,-1.13433449832271,-0.830971809132396,0.542130527840553,-1.60169156402432,-1.33600065904218
0.813195037411605,-0.499528951911234,-0.221098125377531,0.0764058561981353,0.634175193192408,-0.791447325580303,-0.879978519042493
-0.190816474104282,-0.865162076755711,-0.0224146989039466,0.935824446199053,-1.77485606890494,0.502010547640313,-0.215618715995524
-2.6999298085637,-0.957757283271873,-0.32290182802397,-0.50166670286481,-2.06613588468656,0.717195270520938,-4.2340959125302
0.0609666388011166,0.326799971338638,1.05222315972554,0.59485346385118,-0.0899069094632118,0.0433551906169097,0.64444628059797
0.573751697483578,1.54737222568517,0.189541165695199,-0.430651169136371,0.836802178058687,-0.394144346444174,0.326311290214648
0.0458035797250989,-0.968859568864431,-0.105827608865873,-1.13333905267279,0.166240833093532,0.380004825407965,1.1040068882255
0.157412540175875,-0.188440426259463,-0.602554472532716,-2.23717155976963,1.02552557344612,-0.622427952571525,-0.423258806832739
0.431565372868771,-1.03000116145592,-1.29601593126204,0.514639572443142,0.403188458132936,0.511387206007391,1.10614646634297
-0.396549736050212,0.908086441860496,-1.95932663870655,-0.341907115162922,0.4115921198628,-1.10137305663194,-1.18629089156837
1.30997822575155,-0.317381864708129,0.21341173052117,1.71787742881929,1.68018682802245,1.86141559956748,4.83122057996607
0.470393399873943,0.179003966540422,0.0253358701112366,-1.11637790865796,-1.06210757323509,-2.70498912238434,-3.37720701973951
-1.2426702705746,0.348028187729177,1.36502318785994,-0.488479619162847,-0.791235649678155,1.41793781636752,-1.75544881290059
1.38157545638553,-1.05427902127444,0.291093808244857,0.807332293407758,0.388512274160985,-0.655309498116006,-0.370576145689337
1.20445893700982,-0.104744288110701,0.79721770112609,-0.261008741670786,0.253998499450374,1.25228304742217,4.4914116229153
0.824073963681881,-0.228342617094529,0.0409863743756614,0.488059917826579,-2.18716829258598,-1.46028743217333,-1.23399158406797
-1.66262940218559,0.675355562427539,-0.818324049625889,1.35278382096951,0.537800433283471,-0.330734876793339,-0.216627312383182
-0.569306343605481,-1.23324469350631,0.289640643164427,2.17681559130925,-1.28988641170683,0.210817790526989,-0.246044790193271
0.635513817289526,-1.19996154442278,0.339787111301115,0.051387111206838,-1.22554397015877,-1.00949926422224,-1.06296108201606
0.0437220075778579,0.765866576616108,-0.817392730763433,-0.838095445235414,1.72711355277575,-0.534776646171062,-0.968601884245644
0.348012303661307,-0.588097861282977,-0.0287493152280801,-1.08461500930842,1.1603578032903,0.49505827488594,0.998688647590151
2.45959354887041,-0.660295829975576,2.00078165111199,-0.546532769073342,-0.74816158375162,0.548494049782142,5.21745864829354
-0.81838032439967,0.113013522197344,-1.12926606328462,-0.426509704704706,1.66667232493041,-1.22774261421895,-1.15948835154526
-2.11320011492914,-0.320398799686039,1.47217859206972,-1.21099755539979,-0.529697424571316,-1.00661264436047,-0.138289482875157
0.273695272430415,1.86638149693879,-0.227068916484902,0.597792997779026,1.02864835063927,0.207167201609838,0.426184757950709
-0.687596841243412,0.259531455767799,1.48231059624201,1.42389578908393,1.3767179910649,1.41740118033914,-0.139631143718707
0.446041052961866,0.16156007091807,-0.843053174487288,-0.443298625558346,1.33100295826265,0.747089396555255,2.76682318254271
-0.812384723790597,0.931074909335354,-0.0661953274558979,-1.04033346567429,1.25465594943585,-1.51943307234853,-1.08387115814725
2.21205548033514,-0.0599467492596211,0.311233498357864,-1.27389707840725,-0.287334553809268,-0.720070739324317,-0.82720427086728
-0.12370597157743,0.0487397000774502,-0.112590228303414,0.770151612011796,-0.546735518159085,-1.83821203439613,-2.07134160400174
-0.477335506030052,-1.07287540073396,0.658738838942645,0.031522621976529,1.253927471065,0.784395864352993,-0.595817805881051
-0.166261491486608,-2.29297143048067,-0.16686150010949,-1.90485475143827,-0.0717229189590111,-0.871052149527092,-0.847572786916709
0.862563383626431,-1.20720685006434,1.20887346516015,-0.123755177145571,-0.682436621264268,-0.0108663130165317,0.55617943547356
0.0973404852028189,0.114109429797191,0.170419433884223,0.000328377213438334,-1.02499645828567,0.609141558215759,0.954795897580826
-1.62561673921129,-1.03329707910538,0.692419636244747,-0.843778344728857,1.30157781471653,-0.133051648058773,-0.730466644569202
-0.0046207678264578,0.688807752342063,-1.18554693655878,-1.22133337042893,0.758060825406684,-0.849531062880063,-1.33837312590947
0.760242167662055,0.725083017674864,-0.658389290697043,-0.452985993615507,1.4796143353762,0.115138725174226,0.45872695797173
0.0389909128725626,0.217380210939088,1.08950794879155,-0.702319931281127,-0.619562406414632,-1.331337154012,-1.47245604830091
0.735072141614441,-0.201656731618378,0.508785941160661,-0.674380385485126,0.259687227256229,2.37445827173169,5.29633691027808
-0.14647262699887,-1.36568986058868,-0.135906625600424,-2.30302319048591,-1.08652092497737,-2.49583641731167,-2.08872376595561
-0.0578873353812826,-0.30893760867716,-0.108782736956893,-0.149332904782873,0.086223563193975,2.20367615406188,2.0704493223055
0.482369466104533,-0.452902886537227,0.754900160454641,0.948689589970129,-0.846202449052606,0.571396927069173,2.11526553769262
0.992943636775734,0.663229144519792,-0.223811321619966,1.15636246052357,0.388905864370388,-0.583745237218935,-0.304748218331957
-1.24639549803204,1.3086295367487,0.0749551709399243,2.07435248589762,-0.0376358153463912,0.274860357622418,-0.389858909696292
-0.0334875248456097,0.501040309894498,-1.64595480215,0.265289970321459,1.44560164892583,-0.0482891959610158,-0.835457870288224
-0.0709621812499963,-1.12828853519737,1.77400936515502,-1.05200382914047,0.317224482102685,2.25246864177724,2.16219698685654
-0.75892065373095,1.67099730539817,0.765967915976574,0.50234223621863,-0.403980490819091,2.20798222218406,0.225524989626885
-1.03435936093915,1.01035303245212,0.832287843010755,1.09984502312187,-1.74023733047524,0.766845014645972,-0.49137895176777
-0.63073195397082,0.223521215874458,-1.90545752247312,1.88650483041417,-0.452821278920118,-0.284191743792878,-1.461843955745
0.586807720012995,-2.20648459320962,-0.0208366761944145,0.811253500689395,-0.586087506559595,0.151645292541353,0.514262980150185
-0.416322656183652,-0.954585618553158,-0.408933912448218,1.41824380879396,1.14791904431639,-0.781106086643039,-1.8382743700627
-0.78488780950532,-0.0685730672102366,-1.3763863065768,0.439169901702954,0.457363259644693,-0.957398363247324,-1.11036666375528
0.163416319486097,0.76130590156527,0.727430374393256,-1.2775016086011,-0.587806362058572,-0.30434111795109,-0.440794854045575
-1.23671423510935,-1.17990419995829,1.23413078123709,-0.861373205211443,0.227914940694947,1.5308786534036,-1.10535913941046
1.04587377623667,3.21119895676729,-0.553224405877467,1.88698587497109,0.134147741846246,-0.478305936644692,0.275030817058205
-0.484595416218709,-2.55382485095083,-0.229190177928735,0.704087313182904,0.329327772114258,0.275964288525917,-0.490420316528649
0.189128811680665,-0.235933949334065,1.71146198892227,-0.667720525332029,-0.297512213642794,1.29277985593516,2.40752145515631
0.0510063315749732,-0.259562643261435,-1.64980790329702,-0.705714342057153,1.18498797306452,0.424010706580774,0.424496037987579
-0.000240668886441977,-0.663366916619193,0.744220785437818,-0.920718579914376,1.30953538662527,0.527765253770584,1.18526150598045
1.80938204244287,-0.318990710826149,-0.314021323980916,0.148473291996029,-1.17045526511543,-0.653829982143573,0.305829215020531
-0.825327957109945,0.742395157572315,-0.115310841404454,-0.250017361132774,0.996118866300114,0.121675552673985,-0.47339275175821
1.14547045222799,-0.874292675785773,-0.61097434277214,-0.941768954111299,-0.746997016690059,-0.986863054729454,-0.518454885799034
0.0315731875532431,-2.08281376630328,1.09669537901904,1.21419901863892,0.221867656465582,-0.755594462248608,-1.05817753001333
-0.83520580530672,0.0937679028102176,-1.12716761108376,0.018566433000226,1.0009452311825,-1.16098995844004,-1.73231835396815
-0.0687636490165125,-0.00181981200279561,0.962609492438297,0.757831699457548,0.494143258559294,-0.442801523619572,-0.0759943806359355
0.746771687012467,-0.013100652371574,1.40646401623189,-0.380062699996006,-0.00844441753463621,0.334947784039575,0.68134999117868
-0.425518734394604,0.667968074558104,-1.6416495088997,0.174948713347219,0.0961369855328748,-0.10065856814523,-0.935151096910998
-0.772082235193457,-0.0131677029521626,-1.12690419254923,1.03352330902476,2.25070523918321,-0.975536842960497,-1.10379614425186
0.152764106747895,0.776047030476303,0.591545480502423,0.67572399543247,1.4366346913565,-0.973216625621073,-0.68683108876792
0.988596845178799,-2.01073533263526,-0.956309119505936,0.94128124291257,0.0104077495384871,-1.34078652646553,-1.373058815523
-0.073458334672174,-1.1281804949718,-0.691529886346393,-1.82663007251395,-0.320791891518128,0.414102402054408,-0.607785639850261
-1.38702655355974,0.34879957158572,-0.445352767351361,0.177204381296563,1.84167486726203,0.274162429825081,-1.37106138905647
-1.30667590437536,-0.352898482096924,-0.344484228326568,-0.191807861947269,0.0899247252253416,-1.41396295051925,-1.75872845468407
-0.768395325077939,0.944774597917623,0.703698185246122,-0.650198710009829,0.402792818116791,-1.68193057318907,-0.0326331739969763
-0.527108125374458,-1.00471985252646,-0.60300576479426,-0.560696341260001,1.30939370465749,-0.0700861139491127,-1.03175570608145
-0.0214270650416246,0.723902732496846,0.0893504124146815,1.67576579329994,-0.613254222725411,-0.460309029288299,0.371571705277982
0.670498070996282,-0.668832740990364,0.737494637219904,0.430534600439241,-0.435480084919432,-1.20714570347743,-1.51544246129089
-0.434617038572407,-1.1130401937158,-1.54037944457177,-0.144606620357246,-0.382106084270801,1.0404412181286,0.463987494285556
-1.11387978331285,-0.342805189366945,-0.689632292648809,0.939025712144101,0.171328176109932,-0.0662050121858745,-1.50770091429959
0.6071059948785,0.0497793231687396,0.859793460209431,-0.545496749523291,-2.4165624634469,-0.0198577785368134,0.633489381541444
0.275456968739591,-1.22768196152554,-0.376519740675772,0.138850363215646,-0.41817143658625,0.615556223378135,1.36460613954315
1.15734706941474,-0.764005910827448,-2.53508347030523,1.44686231335255,0.707195564900496,0.420382969919601,2.82822995533035
-1.68248085947826,-1.24618206161788,-0.857809228617209,-0.332628086150536,0.31180753531698,-0.327954877427185,-1.77219592982061
0.0873190888948744,1.01677397775977,0.816026406926163,-0.799156272263214,0.350640156782387,-1.1344563021002,-1.92833027688526
1.35336189394267,0.723612624058863,-0.426588909225775,-0.548292745132407,-1.58686541262596,1.18226830511672,3.52287607220884
0.724173800683369,-1.03252713710511,-0.40463684004168,-1.05079620451942,0.216521654079693,-1.7107858033122,-2.16253467741152
-0.832552825764212,0.557346004122758,-0.145769224262472,0.252662491033329,-0.114749842879395,1.3794490444046,-0.4719025707441
0.732528486768414,-0.255581423099522,0.71946636806737,0.327861853995298,0.0203381232290744,-0.541005329157528,-0.34242191190679
-0.871926869997213,-1.11339175714667,-0.491090752219327,0.855672400490503,0.892790261937783,2.07546679173333,-0.581231734008264
-0.453397511229793,0.421197439614804,0.475958438418499,1.80176227162749,1.44808414754465,-0.20476050301274,-0.720668974253765
1.18753427862908,-0.322950311846374,0.573153668052675,1.40524081174873,-0.252030872055031,-0.551416985520336,-0.229427002955105
-0.290145311790079,0.880179901191523,-1.01885957771565,-1.25079179413567,-0.597471279167578,0.0411968667731968,0.86220237478487
0.828546144965436,-0.194863606775901,-0.0618722344363663,1.99910885447275,-0.247740839749518,1.3170476310258,3.28015719990976
-0.291227708779169,1.18805498210378,-0.538305101604451,0.139278487592147,0.774365940151648,-1.80965020341038,-0.962100692020818
-1.57636240474791,-0.509764511767954,0.416954726110764,-0.386669103439724,-0.118587206170082,-0.307988794620669,-0.0897328324890754
-0.848815696948922,0.219548010873294,-1.50827665613024,1.85563569044348,-0.417581271100897,0.294561194585387,-1.4669731566666
-1.08851986195719,0.370294421364558,1.53916992776747,0.42885538447628,-0.052426353257736,0.147770817116647,-1.17047992537699
-0.484290571117173,0.279108393730607,1.346018088596,1.73079013958977,1.35395020283372,0.115951531975112,-0.425827765036894
-0.336311209009573,0.201942437313324,-0.842855777501525,-0.0435236741393199,-0.920651427306943,-0.32333184856328,0.0520517924209571
-0.153357890661644,-0.0129965424313442,-0.669874227807658,-0.73108580813751,-0.310771373996955,-1.14036672389761,-1.2830649170506
-0.243247228574846,-0.0908650060774901,-0.908487448146122,-1.96596407622063,-1.05580296818196,2.86131949086317,2.07920700972346
1.89220204160011,1.36503136531884,-0.136540641797694,1.12686531518852,2.2387442557997,-1.45138694483397,-2.21476961654842
-1.38599833728542,0.908130568883166,-0.501037963291251,-0.888084388434115,-0.473062140033249,0.983744020219985,-1.57832984738641
-0.41482430070778,-0.609888171401906,0.1126384468164,0.871359260391993,0.906054085480868,-1.10784132708532,-1.38436872283105
0.349081528106831,1.39643722121945,-1.87521756309427,0.119893566616341,0.037916931594142,-1.99889265684803,-1.05986097259278
1.62844226581541,0.144798373308446,0.158546714458315,0.472434944803404,-0.175362283023761,0.15072249695782,1.45426239111745
0.0885218957136163,-0.640606771595302,0.0155626712640042,1.26663990982006,-0.361609025278738,2.10896809219341,2.22930627992461
1.23915070840056,0.169802259558534,-1.60060346126013,-0.485316378946902,-0.803621542084907,0.629190672836399,2.85612497279747
-1.64455553575371,-0.157187487420844,0.275973089169957,-0.461533586184343,1.34157635107538,-1.63764554215991,-0.373236750601913
1.44635652537848,0.100939594546104,0.0549526398709077,-0.231758337278765,0.625930654378281,-0.658475714017313,-0.74907828742808
-0.690560171665183,-0.97339415414828,-0.230573354697258,1.06035377243819,0.0311307079941854,-0.750308265911284,-0.997821628353422
-0.276431085453852,-0.819825275253199,-0.0132162906038914,-0.474785704501272,-1.09491334946943,-1.1451318955246,-1.80457398713393
-1.10941875989944,1.36291896902543,0.384949196022327,-0.175510280957715,-0.486414065558645,1.0276132769215,-0.763189323474857
0.133869316429452,0.961370930531278,0.346723717001246,0.796324499089145,0.953093683264103,2.47804042183143,2.48383054277858
1.78533905173155,-0.883724474401114,-0.431612760578627,0.77874531585307,-0.994513348092816,-1.4533163643196,-2.82573655314718
2.42216335525159,-0.900092115436322,1.1501780393287,0.796802566246094,-0.571870322518041,0.822264445361829,5.23316908906441
-1.07682890211841,1.72333313279683,-0.0365321928878792,0.0490515728363375,0.783173181570287,-1.06644799364953,-1.62296136439045
0.485941110403099,1.90904216212893,-0.135801421736564,0.762612934834823,0.381366421089077,1.09430673251488,2.21841220865055
1.38852173874429,-0.777141195855263,0.944618045644523,0.285993069636396,-0.60005817395716,0.220596182329357,1.63761070098712
-0.195656817284544,-1.30230526261311,0.992041361670064,-0.632815038152827,1.65261512009413,-0.283239590537479,-0.737633695530218
-0.218174797706211,2.62349516681868,-0.700669754968901,1.8043844808011,-1.19076693514159,0.710050753433561,-0.460539950466169
-0.304777954546445,0.229628914346807,-0.991058671834594,-1.86301097301425,1.41567745190252,2.21047686646211,-0.00623095327817547
0.597832724111443,0.186749892141885,-0.705618052658819,0.845528381213056,0.814172817192482,1.41206657562142,3.40922661313676
1.39742941081576,0.0761366349502805,-1.17577589332822,0.341667682894606,-2.09757104835645,-0.196598080152223,1.80635818863692
0.687619761239963,1.40486018632133,-1.78119695174032,0.0227776061434687,0.320165082487674,0.75538456981956,2.59067156185267
0.320188014296969,-0.191722235336317,0.310607521838391,-0.611399988446644,0.801025120424051,-1.09410087019746,-1.16499778997942
-0.301869925777261,1.45939216415609,-0.145110360949431,-0.260526772474753,-0.791680654042777,0.430180024146149,0.0720874787408056
0.49834868555795,-0.220655451134541,0.642549753692457,1.80567031464304,-0.0106662632339682,0.960549711583255,2.11488586309297
-0.549536917916756,0.50514588627314,-0.00165936230130426,-0.0969992670036506,-1.62351793994448,0.459059522904321,-0.511318102050128
-0.279256503637243,-1.03349700607288,0.409162962077351,-0.384486699785057,-0.907567051887799,-0.596455394517825,-0.462820874278207
1.09651344311173,0.17047347145922,-0.496058147310148,-0.878362142505014,0.136766722422639,-0.0450862072387442,1.41692300032872
0.442013088178811,1.20066816089193,-0.960107958901165,-0.495578521936919,0.271187956531974,-0.581518594777576,0.0772614332918009
0.241016294026112,-0.163405914765736,0.778132224570433,-0.0842924535744518,-0.07366121520502,0.442863237126202,1.37333120455789
-0.255607655355518,1.28247586312264,0.761120616327841,-1.357722067055,-0.77443032842804,-0.310230689543812,-0.697124188870925
0.931032901484882,2.72719638791127,-1.73371218388323,1.14269781676707,0.593816135526189,-0.222829768082489,0.668042666105845
1.33491258537547,0.941924217330924,0.877294651826758,0.0978270374471885,1.32750455958168,-0.632586792692066,-0.195233605710124
-0.869271763875442,-0.248614037279559,-1.7733714389337,1.46502102859676,-0.600835831817181,1.06719019915197,-1.37330311463996
0.0554869546651026,0.0964788597064851,-0.0456873243111543,0.990435852724288,0.0565068582510194,0.337395921464703,-0.0424259816966679
0.0490669131919192,-0.433930941301739,-0.394872253984139,1.41438675072227,-0.531076289581877,-0.953645663654521,-1.09333907379649
-0.578355728360897,2.17866786745157,-0.128056266421018,-1.33589776931334,-0.0808987843769502,0.251173574136911,-0.339153600439357
-0.998738655996004,-2.95877961913012,1.09623773188662,0.579583638393261,0.160755586671381,-0.548148703547833,-0.387270405597883
-0.00243278000660164,0.0808882391991137,-1.2552178606199,-0.361821214298648,-0.102140564663634,0.103236017603065,0.51131485048974
0.655511882812969,0.110137804617221,-0.265483694629895,-0.046852449651786,-0.354749969786071,1.86601650513967,3.12084098446581
1.47684227897655,0.213448326312653,2.55330249004026,-0.599477471411771,-0.471227347093368,-1.04099380528512,-0.800897683177146
-1.90915278827921,-1.55781961263232,-1.47830630595052,0.215104493222833,0.0340441773616117,0.219983787127424,-2.56352776978686
-0.702439473312409,0.216211546257758,-0.626587568230723,0.0936314854790409,-0.200721207356766,-1.42379490646875,-0.675932191702711
-0.311430218011919,0.18766381702644,-0.0410520223413907,-2.11983441513135,-0.544448628769274,0.616017410030352,-0.364195001259504
-1.66315703066738,1.2586221252136,0.199953219832439,0.852443088824704,0.377362269645537,-1.44156317991408,-1.32762012996259
-0.75053344179229,0.523517780908964,-0.533305600527376,0.15437457231326,0.403728160580446,-1.70176482285391,-1.13429180712775
-0.777351759181508,1.11545427747996,-0.266032317684011,-0.971861640205415,0.170236937543032,0.557212957800765,-1.05982773009078
-0.722569699859602,-0.957502242170469,1.08414781411867,-1.10142783592314,-1.10107992122072,-0.750511117127875,-0.398391894942186
-2.18883459914707,-0.124405579855432,-0.180745479625044,-0.690244888297098,0.402469699291095,-1.97093294572214,-0.370230929921712
0.213418550286554,0.191737829049968,0.251555319378233,-1.58363492221125,0.425816177210946,-1.32446345093933,-1.13570530767607
-0.631922936254832,0.272217250603347,0.369542235154893,0.137766066513836,-0.283128718862383,1.07553289349939,0.256829545354951
1.52049119383216,-0.693814463673254,0.407034259389767,1.50234395496283,0.553632072115556,0.175835094185016,1.78785351130111
0.795955949415082,1.47917192085213,0.492505019245782,0.192881587148273,1.26435623247709,0.207924799285704,1.39525434395905
-1.4535295651328,-0.611767021642771,0.0546325790523077,0.527154734523825,0.327802463194629,0.893202765882201,-2.15540951648423
0.0983954210058388,-1.61430997435935,-0.708674076161911,-1.48320629120238,0.765106373309395,0.198609916658263,-0.251699990096432
-0.593770984233153,0.40249011059067,-0.0582707524435477,-1.53920072330941,1.28257345881025,-3.18128256470893,-3.053586160007
0.888281168634515,0.664555447289484,-0.963421822237506,-0.896432886914323,1.65888693382934,0.0196831947042364,0.462149944717649
0.0530704154986666,0.944127070994937,0.0933932966058741,0.721069979748221,-0.480729813134911,-1.39417140470677,-1.21750444418579
-0.557023625844656,-0.946260797708289,-0.347901133459108,-0.884501944686544,-0.407834514587087,-0.933235885173988,-0.933339374215986
0.43839703617272,-0.248288449238896,-0.118334438145549,0.558598525708553,-0.328918791729082,-1.62904088146867,-2.43305720633753
0.152608158642419,-1.32843646853908,-1.09909095717492,-0.218737504846289,1.10107658785062,0.369097639109454,0.539255857056433
-0.164617581749564,0.844763742098917,-0.283076412422231,0.383623482386597,0.581717960782718,2.28565638502981,0.536764455402901
2.01989062147597,0.347696732438648,-1.08973467284561,-1.03912011024684,0.957779202757363,0.486544869581778,3.8939628492946
-0.529385886317261,0.913762586431107,-0.405665544099862,-0.948992248570827,0.301421804337359,1.93215222070259,-0.0549627081182972
-0.470786972984042,0.608274553380681,0.526907259597763,-0.104160953983452,-0.288461063573085,-0.232129022732062,-0.656171396684097
-1.54593692401752,-0.607547987804487,0.240419981775496,-0.208711102723908,-1.45615158789359,-0.537445056633885,-1.04695001357813
-0.0405267232951771,0.179658070871844,0.898362457249367,-1.78873019525217,-1.70465154066219,0.786101903375549,0.288499393237075
0.890356305470676,-1.90840941941738,0.487968126935476,0.537084421086505,2.01122119129554,-1.25237291022481,-0.743799186569246
-2.07138785092921,0.502946257689096,0.111991365197539,-1.94969607009284,0.00396133245276825,-1.32416495483461,-0.499254334088327
-0.250065120073019,0.968899153478499,0.998313347136219,-0.415234461553216,0.558221906568822,-2.96823317332063,-2.26120629210248
-1.18165042665332,-0.875737125773327,1.19171680875342,0.0551296705930179,0.694493685600807,-2.22571817714071,-0.372159237791669
1.44193726501691,-2.13602453869801,-1.39938756712371,-0.701999719088772,1.44632123678831,-0.441654172428568,0.824031938675485
1.35789553887886,-1.52282758158501,0.892147736646772,-1.40383903257398,0.633468743359524,0.124644128489496,1.92419731498903
0.33450284734065,-1.11311820788607,0.777958970340806,-0.398823930892521,0.0263703369604992,-0.349997232679237,1.05222805554537
1.42933808040023,1.2409838955359,0.94191451634695,-0.110421799564805,0.742875516154548,-1.90349930252085,-3.49645239190841
-0.867317850878684,0.00348193506299025,-0.908802712301102,-0.924078451273399,0.347303392127326,-1.15404434196501,-0.240019120976896
0.950651724971886,-1.23779458599307,2.40893084447621,-1.35724300041576,-0.628654925909304,-0.78918347437427,-1.26568845462688
-0.585011508633235,0.555699118898025,-2.59425017430808,-1.19460448275129,0.958491926298926,0.899402278193938,-0.465772214611872
0.320957522525629,-2.1831493493599,0.00686303751409395,-0.528487779287787,0.164441350143759,0.316039999076679,0.499277370515471
-0.299396016664908,-0.247024457097248,0.118106668928336,-0.45262688672095,-0.034705900963032,-0.826987275162978,-1.32787173692731
-0.278543083293069,1.11285692758645,-0.14969732641009,1.41948519316134,-0.920743815374439,-1.61457054350712,-1.38924890754462
0.546115158329532,-0.341673237009086,0.747873287863168,-1.28568114451572,1.14805514963721,-0.166432120087956,0.613731715933292
-1.30382115364487,1.30543834214107,0.12403480689883,0.381148939361978,-0.389880110029636,-1.77639192189298,-1.17435240698092
-0.25091446504246,1.79532387144079,-0.778054747212651,-0.417468601097774,-0.0992632632773881,-0.666884015219462,-0.570586870058972
0.17100737371791,-1.16783522747345,1.41003330549222,0.092861420787736,-0.0279660623672148,-0.307965069586008,0.127040470604136
-0.403467478747509,-1.15228762498202,-0.293911808229858,-0.663584535776221,-0.0569888848706201,1.22252541528467,0.374716648960273
0.104659440835727,-0.914455469345649,0.610678645005375,0.802827389507556,0.555659016748442,0.895862262639488,0.693690268973898
-0.318880786734009,0.52872803253363,-0.666510079863262,-1.70308264539455,0.901923838993518,0.203905063037902,-0.731143707300346
1.61834393588343,0.835078927048582,-1.0598828782705,0.153907072564843,0.536623088234037,-0.215998412229601,0.626957296775432
0.714188601488617,1.20913697409153,-0.605838699162315,0.0260754999213632,-1.47118613826484,-0.488006321935387,0.137362813496592
2.96586536983324,1.29947254536082,-1.05684142085412,1.05586337908511,-2.40935940826857,0.602052313710202,6.24468159825238
-0.795077604559211,1.07573230420989,0.533106472674961,-0.224467114350504,-0.365017377779538,-1.39410021352359,-1.38077346490707
0.814365914679913,0.939801023514297,-1.55209261464742,0.496596389373037,-0.181268484634166,-0.354163671111447,0.907797830958435
2.09803081013037,0.163374693406766,-0.978489465308578,0.399633954636834,-0.149062942660811,1.23104957794247,5.39308677535196
0.30098005515257,-0.888138558640392,0.0272183551599775,-0.646912750685488,-1.39271469385941,-0.813405828015018,-1.04296937573418
-1.08307514183923,-0.72616098275635,-1.71557231699709,-0.0837627647875345,-0.679359244378277,-1.526672181655,-0.994641189023685
-1.00632250180328,0.407597005613739,-0.504888026492709,-0.133621200009519,-1.81911796861397,0.000913154019056691,-1.22131446545833
-0.035414564917612,1.68353633925179,-0.304922680917571,1.11960385547419,2.63898221848215,0.29515790450453,0.338463026611667
1.30912436085341,1.70597982356461,1.34607823542665,0.239220972582604,0.546608278218245,1.70653756587127,5.66719249750178
0.750400486646719,-1.92616670082608,-0.257536690796696,0.290602215857855,-0.0061539389294077,-0.907496040184693,-0.314755645304941
-2.13836832761242,-0.833998015228465,-0.523287300658334,2.34360141841864,-1.8901394678583,-0.526613810298107,-1.1576398262072
-0.700354108866634,1.41913251633319,-0.663217798972631,0.4162981123864,-0.266783371165174,1.24000855550231,-1.08154997789001
-0.00905647529298544,-1.06410971501924,0.447221039692659,0.362481077869282,0.820431010197318,-0.267901819188712,-0.569886754056242
-1.45813348724477,-1.61357747248045,-0.319450981926009,0.531682625476121,0.778193540049604,0.304236349386971,-1.77420655598
0.694529646494869,0.599811088697427,-0.543778849936917,1.54804223833981,0.454092023522563,0.470303455680992,1.83811175080337
-2.46133547518649,1.73296470538705,-0.279673442488512,0.961488300605771,1.41005217305168,1.2861921743485,-5.12383011995545
0.143289764040456,1.93450456245773,1.06523260036693,0.338436178606463,-1.81106410509648,0.916977260029937,0.852711815865025
-0.391222119127056,0.532820575670794,1.56782874914562,-0.610953004269112,-1.10245174108699,-0.0409726646299108,-0.0835573718686556
-0.491164085614076,0.719665756019784,-0.643112078958536,0.357052050410198,-0.0191678713168816,-1.28916280671522,-0.669513900257843
-0.283647452452051,0.560093385755184,0.0205217485106878,0.141508679877188,0.149303719680044,-0.0792973699461192,-0.194950090089963
0.314794804707843,-0.018086931659967,-0.324184458375485,-1.83629134377865,-0.532431870264935,0.739894802319146,2.12986663911828
0.396326577938989,-3.37173908255051,1.85739602217537,-1.54103104639384,1.19784612620355,1.27676023028368,0.972018390100127
-0.22560371103596,0.760703244759755,0.590763995069064,-1.79438286441787,-2.0425957688947,0.665132817105951,0.404421491009357
-1.92495043034056,-0.39122685224321,-1.7806267173964,1.41451490845874,-1.01431086481328,-1.52269035459494,-0.55055962114985
-1.43922929832198,1.00990122381185,-0.434108699575314,0.618337891760976,1.60391822138318,0.126223111685365,-1.99553771408575
-1.4696577739724,-0.626973147073749,-2.29274971170602,-2.35045538719928,0.892350034157026,-1.13138211800086,-1.21830309846562
0.761863446891932,-1.63457736950186,-0.0929652384515409,0.467031586094115,-1.51770556163796,-0.477425235416266,0.040989389580039
-0.24361498187128,1.24524265203048,0.70396445332971,0.0638319381435125,0.823528276152144,-1.09847279446978,-0.467512589170779
0.269676607418008,0.181377446555404,-0.894489621256767,-0.256260441820274,0.365562248008499,1.70744236642163,2.56375548116001
-1.55892752095582,3.4953042639856,-1.28250679207462,-0.74452203825337,-1.33092166830989,-0.184102959599903,-1.12982025779982
-0.535588006696314,0.915591913326913,1.25578417415048,-1.26902527654423,0.3595761544677,1.8614262207002,-0.135565667633202
0.562451973173495,1.04850651742624,-0.964629979588376,0.862628007930791,0.892994609988693,-1.74204706626444,-2.38175987832578
-0.178326123419918,0.763824936934856,0.907783881064091,-0.576934671897016,-0.995098995899314,-0.783457421295061,-0.84174371262275
-0.115135986202651,-0.6033873768594,0.214073613669174,-0.13226734829003,0.51967192258579,0.795270542310834,0.660110326501414
-0.0720614721063666,-0.370429662702776,0.881023122748974,0.586828100587993,-1.23573344828329,-0.532270009991016,-0.301375332180944
1.2109098069263,1.05982593833365,1.00254499828277,0.535000276997602,0.529726874322074,1.9858043427389,5.50856485876557
-0.614896900799703,1.05511052983939,1.13991050456775,-0.393409936967253,-0.983041720955936,-0.651800415504399,-0.482569731559867
0.6761264583147,0.582972161120319,1.23603585230776,-0.540609417209361,-0.375745484254249,-2.15696206847162,-2.80705322624074
0.898599605537552,-0.986567435539539,0.295401510142675,0.259450915234582,-1.04173538449989,-0.0920274969247368,0.045965098013237
-1.18931790352102,1.68462181174398,0.171761023605458,-1.17827876100886,0.697667357430169,-0.397400116998658,-0.93454717235098
0.121258849819009,-1.36684104568263,-0.955389282695439,0.306138478548671,-0.144448803419361,-0.138327302570867,-0.887968282083332
-0.0112216861304115,-0.433214348611114,-1.21040912105673,0.173481229120353,0.498543397139294,-0.825764999237853,-1.14568434840695
