"x1","x2","x3","x4","x5","y","w"
1.37095844714667,1.02914071931376,2.32505849371513,-0.601382997836582,0.25057806717021,1.3977603853233,2
-0.564698171396089,0.914774867719613,0.524122181151092,-0.135816136579885,-0.277924049161014,-1.61600465560271,1
0.363128411337339,-0.00245626667956324,0.970733416408591,-0.98727278492051,-1.72473573426284,0.0558635594419147,1
0.63286260496104,0.136009552413727,0.376973397152614,0.831925014618267,-2.00670494385569,0.839913805988245,0
0.404268323140999,-0.720153544943125,-0.995933396542156,-0.795059516415481,-1.29180833046846,0.181272765581977,2
-0.106124516091484,-0.198124330051216,-0.597482913048045,0.340464612015827,0.365838228483296,-0.912168156376717,2
1.51152199743894,-1.02920880604827,0.165251423080152,0.870429820346915,-0.152203253908431,2.18207870828334,1
-0.0946590384130976,-0.966955895852616,-2.92847717857757,-1.18216100524638,-0.734094090076209,-0.129702095387654,0
2.01842371387704,-1.22081308891909,-0.847914226578549,1.02289397573496,-0.781972056981591,1.78826919923289,0
-0.062714099052421,0.836207703944837,0.798584512223446,-2.10843457624333,0.551567034812709,-0.666286950791136,0
1.30486965422349,1.1149717984954,-0.298455987965219,0.229762637699325,-1.61084098443007,1.82509026328779,0
2.28664539270111,-0.412944852927091,-0.283611376945371,1.51171079155376,0.748176433090443,4.54018827930928,1
-1.38886070111234,-1.12897739800683,0.869519306648764,0.555437989150677,0.449296011237588,-1.96327828938416,2
-0.278788766817371,-0.0879313317770513,-0.544355284698977,0.914878801249372,-0.870062520443655,0.0289893448716959,0
-0.133321336393658,2.24190369331262,0.628803235377603,-0.553396624279516,-0.0977479313579405,-0.0564511878275155,1
0.635950398070074,2.04131317075049,-1.42233445794539,0.298376089510017,0.893100213716266,1.10792335742656,1
-0.284252921416072,-1.71980033672145,-1.22751263333428,1.10637953965214,1.35091509526625,-1.7113812408269,2
-2.65645542090478,-0.356906656122387,-1.67410551574443,-1.32914958483242,1.4889703943085,-2.24377459640761,2
-2.44046692857552,1.53328049216229,0.0843984822448786,1.00169412888602,0.371067212847268,-3.29585983023162,0
1.32011334573019,-0.0382440966102368,-0.2061256639704,-1.40930387375741,-0.214473243512569,3.32995121366269,1
-0.306638594078475,1.59741324232642,1.44187164028206,-0.498781024681268,0.455494589939145,-0.883779852735713,1
-1.78130843398,-0.333585393309883,-0.0417821033853644,2.62275685248845,-0.258111110256068,-0.743575038113337,0
-0.171917355759621,0.604985923915378,1.35375447776378,0.510665566028528,-1.00292375210412,0.0281953546916977,2
1.2146746991726,0.224241239250251,1.94522527592283,-0.0908431942191987,0.84414348279794,1.05108682603756,2
1.89519346126497,3.22906949548006,-0.490938233708141,0.978765679210879,0.694658775896635,1.91579189465156,0
-0.4304691316062,0.92045256677252,0.388439074944612,-0.243808656888315,1.2610037476473,0.228054683906699,0
-0.25726938276893,-1.20653906921592,-0.84489325918598,0.621808959213633,1.66655928933767,-1.41936386724305,1
-1.76316308519478,-0.603881169163268,0.737990367871089,-0.344595219846323,1.47185793808934,-1.91715748250511,0
0.460097354831271,0.370235284622063,-1.07976033128386,-2.35522454584149,0.78931570508443,0.792495594434996,2
-0.639994875960119,-1.90100064667961,-1.02647387624363,0.472387633353643,-0.0364542711833432,-0.566109467401796,0
0.455450123241219,-1.80440994496324,0.288793361578875,-0.511480194786914,-0.091283276642502,0.968876012469995,1
0.704837337228819,-1.12182260635522,0.0908113192871749,-0.573602199756116,-0.412862939041902,1.248008750176,1
1.03510352196992,-0.34792960655914,0.262623176711222,0.00379720372860315,-0.781061198320081,0.464920160021118,0
-0.608926375407211,1.23890214863198,0.0693349127912537,1.34255092952781,-0.390092785411881,1.44118444434036,2
0.50495512329797,-0.274197564852279,-0.528643818856825,0.295461511559413,0.613837622009258,-0.220738349119013,0
-1.71700867907334,0.162380715558193,-0.130202164518766,0.841786943605435,0.384677020333242,-2.94214534803669,1
-0.784459008379496,-0.0646069097530627,1.62015874435582,0.62906429822047,-1.20565664981837,-2.12283868030165,1
-0.850907594176518,-0.705237097025143,-0.0178951233234706,0.101598399463067,1.19785122001404,-2.70126151677705,1
-2.41420764994663,1.36219726875099,-1.31848939894929,0.671120874661012,1.29114126665685,-2.33884640146772,0
0.0361226068922556,-1.09651318808332,-0.844560160581277,-0.138316374561719,1.48307160252052,1.12672925988122,1
0.205998600200254,-0.228433518546891,-1.10181487249111,-1.24931225315241,-1.22359523581159,0.406377177345008,2
-0.361057298548666,-0.347828080610269,-0.900090143007498,0.347635244215357,-0.41317463437103,-1.17988006962862,0
0.758163235699517,0.532128619506733,-1.26108391982248,-2.27781365917161,-0.409580866212294,0.694989688444227,2
-0.726704827076575,1.60723456226119,-2.6258489024829,-0.986209181193632,-0.451164718262206,-1.10185896003222,0
-1.36828104441929,0.513814526116594,0.669065749190573,-0.0595413435522069,-0.564698951728143,-1.6839397291233,2
0.432818025888717,1.38237316057303,0.660041509230777,-0.160759490474124,-0.560010334496702,0.946624664349466,0
-0.811393176186672,0.763097048549903,-0.25060043539111,-0.420361520340292,-0.970558066992204,0.809175559003996,2
1.44410126172125,-0.624584544634111,-0.723797316953819,0.988591016328615,-0.56282354617343,0.405150807244395,2
-0.431446202613345,0.0815438004289869,-0.812181632329413,-1.06961379110863,-0.332036443298219,-0.451760182545777,1
0.655647883402207,1.37607911136477,0.398734336018413,-2.61364346701511,0.193650109749296,0.810463442259827,2
0.321925265203947,-1.56126578615704,0.226563573879377,0.780451897662152,0.605642856272221,1.19100389666533,1
-0.783838940880375,0.324770660594699,0.42164357975321,0.0451050735540702,0.957873599425007,-1.45737979059607,1
1.57572751979198,-0.156790316952238,0.00483794372409907,-0.108489158897566,-0.800818438984397,3.00983524431521,1
0.642899305717316,0.877783860734352,0.618983915096519,-0.391224310070966,0.0425486556052422,1.43681661280127,2
0.0897606465996056,0.750166575180638,0.431133944485928,-1.6869995043286,2.33570086201341,1.19499907983066,0
0.276550747291463,0.30105340384283,0.558312370187223,-0.95270445515168,-0.461867455821985,0.982584035102173,0
0.679288816055271,1.49281111722931,0.495961280672009,0.507414112103395,0.740429906040657,0.58098977597916,0
0.0898328865790817,-1.5254938001697,1.66188574094578,0.0188160990067223,-0.698344660682268,0.467525171488862,0
-2.99309008315293,0.910717558486022,-1.0550346122045,-1.41891037358562,1.06536890145562,-3.08478173900865,2
0.284882953530659,-1.57953202785754,1.50832468678,0.598171931352236,0.545516821338762,0.499972965603734,0
-0.367234642740975,0.587716257118582,-0.334208656655074,0.786379621743228,-0.918209320243205,0.406898341609943,2
0.185230564865609,0.0896422960007244,-0.0649807438184409,-0.134633045902237,1.02519134367607,0.41476032631777,0
0.581823727365507,0.96726165694984,0.0810815387134028,-0.016386517615323,1.12573840290613,0.283596030106595,0
1.39973682729268,0.0788123529148234,-0.448214795538841,1.40914040823509,0.882800384998406,2.77693055096598,1
-0.727292059474465,-1.56869983648609,-2.55380695026597,0.394838698802266,-2.76807861085069,-1.74534341633772,1
1.30254263204414,-2.00782318401609,-0.312932535119014,1.21987512807247,0.143826578856264,2.82651688265139,1
0.335848119752074,0.540973524238763,0.0413831520402976,-0.0450772128729762,1.5198831251518,0.180732774980168,0
1.03850609869762,-0.0733765981084255,-1.73772806133762,1.47948784483878,-0.171316078021067,1.965597313354,1
0.920728568290646,-0.571018393558081,0.54993965969838,-0.0756837866923921,-0.65814499931795,0.318925975165573,2
0.720878162866863,-0.311068459853641,-0.597273692593322,0.917748457199555,-0.154294602086388,1.97535142530971,1
-1.04311893856785,-0.671415067101365,1.44774180603655,-0.344778713742413,-2.3830393163367,-1.91753991640336,1
-0.0901863866107067,-0.157340452080979,0.264868114264259,-1.07700265605392,-1.1382970912816,-0.567009218437967,0
0.623518161999544,-0.93130507099987,-0.788782807782472,1.00160472735829,-0.0872555328125386,0.283452413568064,2
-0.953523357772344,-1.98300947947013,0.167732220671529,2.29600404077134,0.835326720644203,-1.22759770954626,0
-0.542828814573857,-0.219599804249378,0.25758310820126,-0.325878115450014,0.212110868191506,-0.491210805772324,0
0.580996497681682,1.04527586946239,0.912047367450309,1.46885612852932,0.641346301404555,2.03664268498272,2
0.768178737834591,1.87732956629967,-0.156872382554867,-0.236908933173859,-1.0321009677859,0.247681835192029,0
0.463767588540167,0.00260619595716637,-2.03337570844709,0.923493117890428,1.4857706537531,1.03752707064405,1
-0.88577629740968,-0.0806699347091655,-1.29966582307858,-0.989191806701409,1.19047624727791,-2.48345004805373,1
-1.09978089864786,0.96298228123987,-0.857250659929035,0.275646278286709,0.617226731476435,-0.310281053012745,2
1.51270700980493,0.0535710165465174,0.426265294536191,-0.763661093561037,-0.172938324465871,0.791925419847888,0
0.257921437532031,-0.434898408910037,-0.284836263084754,-1.35211198419997,0.861580440756975,-0.810410178349943,2
0.0884402291595863,-1.73729725534231,-0.614368541969862,0.655024410228004,-0.620085924544441,-0.501601919611185,2
-0.120896537539089,-1.26369559978243,-0.844890832157483,1.60964676035496,-0.878213047268405,-0.496152096103027,0
-1.19432889516053,0.406308512069273,0.153694957218872,-0.788506965877911,-2.22859514687621,-2.1797953680216,0
0.611996898040387,-1.45965396777976,-0.851432275778188,-0.883876112525995,0.193263225267502,-0.0502348274292792,0
-0.217139845746521,1.0484573701547,-0.397921072942885,-1.07251461179358,-2.31265671694031,0.103486755256654,1
-0.182756706331922,-1.3464305394502,-0.939977226280953,-0.458140981447841,-0.0243337921357311,-0.768054428964516,2
0.93334632857116,-0.193570558113494,-1.38825374141942,0.665647015578227,0.441340589239052,1.97065505678517,1
0.821773110508249,-0.00233595711367605,0.955184588863398,0.712228212418725,0.789576753769568,2.0901476039576,1
1.39211637593427,-0.0128297338671881,-1.31749547003238,0.442954227499162,1.02181962668272,1.4914213342634,0
-0.476173923054674,0.151947321984398,0.0730291461596218,0.759587312059179,0.615261159537096,-2.54298912846381,1
0.650348560726305,0.598511131401079,-0.56818584856837,-0.468877666019124,-0.859577856168591,0.959445723778962,2
1.39111045639,-0.126212437298279,-1.05845066878383,-0.172709977883837,0.890748976368977,0.694024754036616,0
-1.1107888794479,-0.248535565846776,0.259313538417069,0.682049899385807,0.0632747474874033,-2.68819570148279,1
-0.860792586877842,0.160327394904622,0.373134504519161,-0.281577328241543,-1.86466105555997,-2.53610561449002,1
-1.13173868085377,-0.433641941597269,1.26466676928415,-0.961622573931821,-0.1131368509232,-2.07892854215281,1
-1.4592139995024,1.53741241910027,0.325224996068265,-1.37765014473256,-1.78338637587516,-0.316385806987492,0
0.0799825532411612,-2.17024657661608,-0.138467319508306,2.69758663663836,-1.05349044072366,0.32325498803205,0
0.65320433964919,1.02700461929143,2.6024688972798,-1.69971505556293,-0.619354677304664,2.27248478964968,1
1.20096537559849,-0.248482933189933,-0.650284428487915,0.0293166527942015,-0.586938576519139,0.960659397637497,2
1.04475108716773,0.422320385832393,-1.00318322831336,1.93431433615124,0.926975731943589,0.776028558850783,0
-1.00320864683985,0.987653293639674,-0.535113912874478,0.837510875177963,-0.0654058453375009,-0.116331048332237,2
1.84848190167275,0.835568172035023,-0.110414566776788,-0.185346331084667,-0.937111758775164,3.07077734823309,1
-0.666773408757817,-0.660521859045705,0.600430169313573,0.533329177764386,-0.633859433761415,-1.32885588617512,0
0.105513812456069,1.56406949329184,0.415845059598682,1.78495624201476,-0.575224286015068,-1.37860277420425,0
-0.422255881868856,-1.62297593529155,-0.105750646676992,0.189627819830131,0.188221041759335,-1.95737085230807,1
-0.122350171954971,0.863896373478988,-0.856562538246121,-0.5690875121866,0.539655974462932,-0.343177258169255,0
0.188193034501498,-0.5116027734362,1.12732733432216,1.45189294457212,-0.420884069657012,0.250515098746246,0
0.119160957997006,-1.9173650254454,0.916281621448453,1.86899345256532,-0.339466559977085,-1.01452017106531,2
-0.0250925508674029,-1.86581384861995,-0.724379592724361,-0.984554893737541,0.518080388363255,-0.97684220212783,0
0.108072727942033,0.245179063439689,0.686779087574742,0.718756763904366,-0.869387621013225,-0.346359911320628,2
-0.485435235846668,2.22353430190807,0.450085791644612,0.129347296958262,-0.160670914154826,0.23174017792023,2
-0.504217130687903,0.273376064144465,1.04522160610504,0.701641308893363,-0.142616786605041,-0.558733122278838,1
-1.66109907991481,1.13078479452828,0.149629034437439,0.526697831887448,-0.765210967844204,-0.937686683112331,2
-0.382333726873818,0.838669374060099,-1.14106715320069,-0.0205130989546023,-0.659800571317015,-0.376492677425258,2
-0.5126502578778,-0.654615277878205,0.802499402419657,0.438251047306971,-0.307405440413442,-1.31993552963136,0
2.7018910003448,0.953960978479396,-0.728716530969446,-1.21052856570154,-0.881927450206018,3.09565542954052,2
-1.36211623118972,0.352951465489323,0.527209285728481,-1.4044199438289,-0.0953451587484263,-3.61242842332593,1
0.137256218558607,0.206599292649613,1.67347877221231,0.720749157209312,-1.2759693730741,-0.0928861427263174,2
-1.49362506731629,1.00111323431025,-1.41882802027083,0.0860355032767252,0.375584983964806,-1.64760760210929,0
-1.4704357414368,0.747451991640276,1.56191080116889,-0.13161704140846,-0.469230372596356,-2.32960877523126,1
0.124702386197007,-0.626574836723139,1.35316100891808,-1.67605197893984,0.79893320361921,0.697335903713758,1
-0.996639134884037,0.395223685936714,-0.528696776691558,-0.569497990768114,0.426288199258715,-1.89132573824912,1
-0.00182261430470819,-0.892167954045578,-0.251272775479278,0.192205150896545,-0.512132013193506,-0.111644434724217,1
-0.428258881425815,0.630818410091773,-0.685847686292498,-0.486322920752822,-0.347515536975732,-1.10052092381932,1
-0.613671606449495,-0.432705183284567,-0.570367652254122,0.0812840129938752,0.609392746386973,-0.926317056043889,1
-2.02467784541911,0.452138644218517,0.579631381546157,0.384897246784297,0.735464318036699,-4.74640579760001,1
-1.22474795035999,0.367999045196345,-0.898959005252115,-0.137501971038181,0.476708560673323,-1.21783026331754,2
0.179516441117938,-0.270387489661909,-0.190329887912783,0.427593109239094,0.328285766781953,0.659847485258219,2
0.567620594423535,0.465512617712979,-0.143903377346461,-0.243064448539363,-1.78126747525362,0.160917680416026,0
-0.492877353553475,0.574356225626969,-0.0965726512875553,-0.318352827853891,0.119396421345399,-1.25621344438097,0
6.28840653511241e-05,-0.230699990157411,0.181446715722357,-0.254106393508011,-1.41829537201652,0.000582345140230593,1
1.12288964337997,1.17224250830245,1.59657420918631,0.638887430163065,0.076034377653877,1.85658984978346,2
1.43985574297619,1.39270270673312,-0.451331739893457,0.821065383166085,-0.660833242210851,3.73298026888801,1
-1.09711376840582,-0.661991255709585,-0.794880224800819,2.33547908658196,-0.105506046058469,-2.64797555690399,1
-0.117319560250177,-0.777369206725014,0.792284349652293,-0.983307557611062,-1.18008588758692,-0.497946025649407,1
1.2014984009197,0.51353857890878,0.380472299761027,-0.707457440006258,-0.164359186462737,3.02300107959056,1
-0.469729580566301,-0.913312238041272,0.235787982992453,0.644149101349918,1.5194407743176,-0.603680490160657,0
-0.0524694849389963,-0.449423805250301,0.59098826352041,1.63766532994621,1.82516507817365,0.0471792048154929,1
-0.0861072982370895,0.802932699103618,-1.41193020207889,1.22664817466431,-2.48863985015353,0.149044429603406,0
-0.887679017906431,-0.573476850981104,1.06329579229111,-0.467705618330812,-1.65432225038973,-0.531321356222736,2
-0.444684004884738,-1.92812516784833,0.453917878897591,-0.678231063737989,-1.42085528137192,0.0138046251302305,0
-0.0294448790882381,0.664390833822148,0.951312977019787,1.69640227133044,-1.27629656625184,0.282264205507881,2
-0.413868849057924,-1.60254022379425,-0.598517713401516,1.54284685008907,2.07910079937255,-1.05845025241553,0
1.1133860233682,-1.35460025745385,-1.84194005034614,0.214527592060943,1.01553602068229,0.396437209668219,2
-0.480992841653982,-3.0179326794179,-0.484589533147934,1.70068829575232,-0.109612816175039,-0.111045440494409,0
-0.433169032600729,0.831237822230063,-0.906846815023397,-0.00798682964789259,0.981518881029313,-0.227957950059618,1
0.696862576552103,0.251097088847344,2.22276244740438,-0.817900364802769,2.26134720681062,1.02942898510508,0
-1.05636841317091,0.46229346594133,-0.41346657637618,-0.0506101702835437,0.637089923803561,-1.58656685749771,2
-0.0406984751512149,0.844792223223237,-0.215673846704644,0.0799210865490335,1.77553654284699,0.0224130806914678,0
-1.55154482234759,-0.0419715243215621,1.06297852007115,-1.55957109789405,-1.1475015474698,-3.66878070369561,1
1.16716954923568,-1.10557590570003,0.620346526580243,-0.171497956746292,-1.07932259375455,2.09562648076323,1
-0.273645701374081,0.563775652330874,0.673066651879,-0.418607092832335,1.06794985879243,-0.540994272443535,2
-0.467845324672254,1.30336475581967,2.63370956294833,0.491286818033161,0.89175319136426,-0.0819694661336918,1
-1.23825232798621,-1.50022093779466,0.16611439867297,-0.53122843123103,0.870096509939708,-2.56855613577238,1
-0.00776203377732663,-0.606989235119036,1.90517553753426,0.482220117734896,0.48576246486856,0.922951076572771,0
-0.80028217795166,-0.292245065656577,0.253718401313083,0.536291040049325,-0.471093692846051,-1.81742824391217,2
-0.533492329950436,-1.2896833433236,-1.4590219672543,-0.279324207858902,0.949629993820546,-0.925221040597967,0
1.28767524558459,0.694105848774699,-2.22724824128035,-0.0435072647005839,1.84772759129207,1.68531051674001,0
-0.175525870242127,-0.599181902897119,0.649683551167725,2.38151529195951,1.24040742887073,-0.741251826686195,2
-1.07178238415068,1.25690664397164,-0.999249864768557,1.54803111335561,-1.38081421835124,0.549573109204591,2
0.163206882467382,0.053508013627363,0.0419723836763139,1.55476199852898,0.474676877291482,0.000513557182565128,1
-0.36273841562795,0.728092517671852,1.77704370004004,0.058111230113913,0.0123463579876949,-1.80395786549171,1
0.590013547987339,1.56109806821061,0.347182677337207,-0.839778915527164,0.0870999372857267,1.13401334751231,1
1.43242192773099,0.26562475359719,-0.287097446149789,0.571123448655482,-0.182368193763325,2.66614379696265,1
-0.992692511109493,1.07672625920727,-1.92457665210911,0.0660477825630555,-1.26567026582532,-0.523493032791293,2
0.454650297580283,0.210697931679245,-0.800649109339913,3.58465949292999,0.331283912940739,0.0417677979613563,0
0.0848980586784873,-1.51167352582237,-0.575617970726623,-1.93189555365127,1.35172863098665,-0.25793277356993,0
0.895565582264545,0.022402259913625,0.684205732670356,-0.202832504245977,1.63656573626269,0.49920834797309,0
-0.229778138946267,0.718136206042103,0.483457347617138,1.48371520427311,0.479932228852687,-0.66305835402347,1
0.836619068460613,0.48945701784227,0.0139634087073798,-2.09851640016451,-0.736315911257857,0.262283762731123,0
-1.74505586133669,-0.17388834587827,0.180243734625121,-0.25964866605676,-0.583016619413601,-1.27411980150247,2
1.68945892131337,-1.2176994886684,-0.2881232483085,0.334067935887184,-0.611431981951386,2.93918945354175,1
0.864777978518578,0.646398368709462,0.0302272228902285,-0.21963759163322,0.603350043610892,2.36921742580296,1
-0.150775988885748,-0.91645602834789,0.271674108529486,-0.931771803289107,-0.235763339357311,-0.877914616309328,0
-1.44900713013917,-1.25182344242557,0.449158427413426,-0.122240218296576,2.90421609162339,-2.47689987568157,1
0.643008700041982,0.594927718405501,1.82762765843039,1.33852842346176,-0.268291279315417,0.638865055338366,2
0.483193863814768,-1.23281066518983,-1.11202371088381,-1.34833119004437,0.148092848403041,-0.0674339551088763,2
-0.00635562642138871,0.244364414906138,1.47480743158371,1.41483572450998,-0.206794982835284,0.498048859371473,2
0.151455892862424,0.00277218534359506,0.671512460144391,0.914048945514682,-0.642560138451547,-0.155655797571113,1
-0.584108970349804,-1.32820968602556,-1.54532854371443,-1.23668791849331,0.847571823884568,-1.04952068312812,1
0.368806732630242,1.17969641183278,-0.277047227991105,-1.50076035467463,-0.527572126400654,0.346462199324212,0
0.294654339719516,-0.592804999148929,-0.62934299197198,0.0345386838965327,0.00237075710813171,-0.56102331163619,2
-0.279259373342575,1.19997831633667,-0.933000451619752,0.286299645402692,-0.281880233551283,0.609082296237764,2
-1.33623665489315,-0.475033679612135,-1.53788648422826,1.18620809384561,-2.8284746523873,-2.48710775991508,0
0.700748818440034,-0.575057096150816,-0.494102049599945,-0.037549371842548,0.650930316327698,1.47275451053478,0
0.554196622274034,-0.031226024608499,-0.435360015270196,0.420371593973559,0.157759171113334,1.13674422945451,2
-0.836306592801415,-0.358056995978456,-0.323544676280226,1.28924648234277,-0.853437022665369,-1.11617353072294,2
-1.59458816200624,-0.356601077647731,-2.06111361891619,1.17068918509962,1.36310008597407,-3.4053121139388,1
0.204958580587634,-0.877664383433726,0.441502555095545,0.826093654084712,-1.26289617117116,-0.0603992891840795,2
-0.34508797797289,-1.21289712517796,0.746351246566367,0.323917065090484,-1.77794654572074,-0.932864922835405,1
0.252611703364455,0.613286618687034,0.789642873824685,0.380950411454549,-0.686919645075559,0.407570366611531,1
-1.29400246548455,-0.806203341462477,0.770740507039544,1.20261958279329,-1.18433552229326,-1.17910375962663,0
-0.959170444380363,-1.3764569299089,0.200506317830367,1.10220575073214,0.789677301727648,-1.69472578835323,2
1.0857748536799,-0.507847899163547,1.46835003167775,-0.0615149399791465,0.0859637709502686,3.02664947760238,1
0.403774904715714,-0.800935486737338,-0.876455483940753,0.364589913995779,-0.370061442579403,0.235900404255125,0
0.586487536719298,-2.19278568567007,-1.22660469372111,1.69255229998577,0.00933636704307702,-0.947567718283408,2
1.81522844615395,-0.290937149267675,0.337837919974576,1.47136701247198,-0.951059591672824,1.24895120029721,0
0.128821428602383,0.167174121160518,0.440824087254149,-0.977247661344119,0.181717711397805,-0.154188887763462,0
-2.00092923773151,0.294692356485688,-0.746516451736769,1.44820167458194,0.190339844032856,-2.48812143929587,0
0.33377719743357,0.392741265420726,0.0366061204319243,-0.0858556605918652,-0.0717387693981193,0.806318367856702,0
1.17132512735879,-1.00084371300082,0.323309624203048,-1.57376980165346,-0.00285171005059469,1.29519568000881,0
2.0595392422993,-0.325727119823434,0.379676032401592,1.29247615946669,-1.10821896191248,2.00720193208308,0
-1.37686159824052,-1.00834880542884,0.876556495795362,0.0844677555677161,0.935191767373595,-1.86715516100309,2
-1.15085556562711,-0.635431482033766,0.933387987569637,0.967045996480089,-1.48583945173733,-2.75534937242448,1
-0.705821394760121,-1.20984068798734,-2.42880752268242,1.93911299421702,2.22854189842651,-0.135274862740895,2
-1.05405578207719,-1.11646380065269,1.72799402342117,1.07987263816564,1.6241352225378,-0.649670919836669,0
-0.645743723142491,0.629881162575935,0.456002646277211,-0.353593526833153,0.519764625253335,0.0612670675688269,2
-0.185377967676503,-0.272521570178626,-0.570360345745652,-0.134923124718565,-1.352028636762,-0.100259722278837,0
-1.20122205073999,-0.258841168378671,-1.11462440217797,-0.987132433307501,0.426123827628841,-1.25104380916394,2
2.03697216698315,1.72955817989149,0.905064265563895,-0.821708146060393,-1.66318758520667,2.37598121718984,0
0.107774744885547,-0.0583921654073716,0.328096015484134,0.489530922514731,-0.269943621830999,0.432735489563419,1
-0.0841081005055806,-0.537063784608919,1.07808996004782,-0.299277458909478,0.790790959773877,0.0376372223053413,2
0.495619641604594,0.74728669616574,-0.060315553702501,0.658254898574355,0.840608638772999,0.768955403982013,1
0.0374151861179653,-0.487257835389733,-0.243518761963125,0.832409549670791,0.0329694848504644,0.710588578158682,1
-0.13208803695591,1.37290778147951,2.24142256068828,0.363463261222694,-0.238163753848546,-0.182330259965541,2
1.4767874235521,-0.377672360646221,-2.03599297085583,-0.398645658616952,0.263552286150818,2.20095647980073,2
-0.217030210092103,-0.616152614118394,0.390914465082838,-1.4979299895057,-1.59178517406521,-0.56618678926041,2
-1.28360220409223,-1.16812505107469,0.384813342899653,0.114628175272466,-0.376235068846935,-2.46367132959909,1
0.385667890443402,0.328640358591086,0.438695599541397,-1.03781661733663,1.81252714991038,0.356588392572119,0
-0.351512873529092,1.46651062744016,0.55814090204657,0.645978871261567,-1.73809968261789,-0.773038878256195,0
-0.521796093356269,-0.356009545088913,-0.276406382977446,0.772845400058577,1.62911115074531,-0.933044505670234,2
-1.06813120068717,0.261467641877431,1.16628807898223,0.316014158120416,0.528105441488507,-0.179172865200958,2
0.428365903266692,0.333328855175731,-2.45427723493739,-1.03811282479823,-0.360444186597554,1.89371250384816,1
-0.174018234426995,1.42219324030954,-0.805566259454567,-0.755137290088853,2.23761689061182,-0.702391616890566,0
0.515667728648029,0.663876600666173,-0.119144550620025,-0.491504309692582,-0.0401996174749625,1.20895985474274,1
-0.234365277305921,-1.07365515569531,0.163216234138794,0.147225745107845,1.894125331564,-0.737543892769469,1
-0.658503425821771,-0.69690177466674,0.406479507762917,2.35650304328533,0.024804649937664,-0.613345242892591,0
1.25023660407872,-0.746130456934561,0.639339995644309,-0.920668767105905,0.553425403100445,1.05144051791273,2
-0.271763715111397,0.141572872132219,-1.50851763737235,-2.15684778320885,-0.574350945442218,-0.802286927772716,1
0.947951995875196,-0.00394722073065307,0.00767060439702689,-0.120400049561303,-0.928337006439503,1.0896290367175,2
-1.20158243010894,0.367937501091766,0.524168022000385,-0.839244329563709,-2.00042544129482,-0.183576181140139,2
-0.466116096375502,-0.657342914697247,1.32633587157079,-2.17243990871478,-0.622068696299165,-1.47270055504424,1
-0.26935139515318,-0.376346670161052,-0.113567734432564,-0.874307976154287,0.727145566485242,-0.656450282544893,2
-0.390965408130861,0.741360060425085,1.59914947839686,-0.373579348902497,-1.10218330324535,-0.633326408040019,1
1.34870701199171,-0.0996067564484702,-0.281528098928179,-1.10219771209642,-1.15946277085336,1.4856181634007,2
-0.0227647012984126,-0.654289878607095,-0.0498981389105064,0.715659860663444,-0.43890563975272,0.0110275394730966,0
0.24422585110345,0.971164374061271,0.160214127321124,0.907640305684175,0.159134206763553,0.903125053381434,2
-0.942371707863923,0.0134963115683865,-0.502380562405328,-0.324805133785133,-0.49460068553302,-1.02465739426422,0
-0.729217276509575,-0.916534667021545,0.715938048776189,-1.48158593228175,1.21236784558103,-1.36344314972626,1
0.998068908554848,1.70968856126164,-1.34578730316321,0.594171138863542,0.292632425911828,1.8185638716162,2
1.25848166459556,-1.16810098994666,-0.0056435653021491,-0.854874687119544,-0.0360424610323628,1.71670676844269,0
1.2488636888101,-1.78103626015252,-0.540542549739533,-0.829917536632547,-1.10261610256618,0.713620366114894,2
-1.38063704952533,-2.25313244856822,-0.547073740849682,0.149106814964156,-0.935640286949069,-2.51674811687234,2
2.04996069363639,0.651125969546699,1.15144538704443,-0.976146041384047,0.460837326820304,2.70652413017545,0
1.01687282979954,-0.532832625602767,1.05221968194591,-0.294684407656388,-0.332363462610624,2.11893873750134,1
-0.0267174641382579,-0.275559356972283,1.59802652870266,-0.770974915815347,1.10616326882244,0.124911160142494,2
0.70360777879826,0.289626972629046,-0.263796793108458,0.392283707078743,-1.63369360485113,1.52116799509535,1
-0.971385229151864,-0.466484061790764,0.0324007875469165,-0.846305904884495,0.335192800595372,-1.27761516195052,0
-1.09615624155886,-1.60806017494469,-1.55158330768591,-0.843759930930453,-0.524657444990142,-0.729141175043545,0
0.0490504509375971,-1.94978379604199,-0.388179430024523,-0.961888444288268,1.4633710753022,-0.827150029390382,1
-1.19849585655778,-0.340699918230981,1.76414812218013,0.0110496533565447,0.427178041986582,-1.85311823555855,2
0.190018998559748,0.17472552733132,-0.41652772756372,1.21494896542184,-1.02512982017635,0.693851231644641,1
1.29770589960467,-2.27777756077723,-1.16633868878939,-0.888878515738284,-1.30805832132281,0.778955933906773,2
-1.03387372296475,0.290524480947084,0.0418945661851059,0.218101261446603,0.229601886628634,-2.82119897449465,1
-0.738440754213064,0.422306357473614,1.24648913025954,-0.656116999607038,-0.307021277811913,-0.14714230735662,0
0.0465639394508634,1.29473736320671,-1.57797130420835,-1.08851584728066,-0.0838330995421848,0.0268383413728038,2
-1.01759611982611,0.164714018573954,-0.253820471789102,1.0911308981077,-0.165731840611065,-2.33335238666007,1
-0.383283959886278,0.204953840800235,0.467830542050614,-0.569227321657799,0.655012558663501,-1.43131400229075,1
0.872755411671398,0.604603626725806,1.97752999445585,1.6208101305906,-1.07483472817753,1.65445411403419,1
0.969545013970117,-0.0191407691689314,-0.615605794843624,-0.686988445583741,3.4709096034659,0.994114286288781,0
0.383846665027094,-0.0797143473788086,1.51942160121109,0.656996703568632,0.294080892384018,0.550027707144396,2
-1.85155566306746,0.115984464402805,-0.43289519356181,1.1106922152347,-0.536373846346391,-3.91428809932748,1
-0.0539967368261657,0.744173364048388,-1.03101770806171,2.14072073006633,-0.144773495445704,-0.063823566693399,0
1.06477321433828,-0.431290603527693,-1.13433449832271,-0.830971809132396,0.542130527840553,1.00063612524136,2
0.813195037411605,-0.499528951911234,-0.221098125377531,0.0764058561981353,0.634175193192408,1.14017890309567,1
-0.190816474104282,-0.865162076755711,-0.0224146989039466,0.935824446199053,-1.77485606890494,-0.973975039290431,2
-2.6999298085637,-0.957757283271873,-0.32290182802397,-0.50166670286481,-2.06613588468656,-2.48959249989609,2
0.0609666388011166,0.326799971338638,1.05222315972554,0.59485346385118,-0.0899069094632118,-1.41560201799076,0
0.573751697483578,1.54737222568517,0.189541165695199,-0.430651169136371,0.836802178058687,1.62542167647686,1
0.0458035797250989,-0.968859568864431,-0.105827608865873,-1.13333905267279,0.166240833093532,0.621624276910459,1
0.157412540175875,-0.188440426259463,-0.602554472532716,-2.23717155976963,1.02552557344612,0.990305363351032,1
0.431565372868771,-1.03000116145592,-1.29601593126204,0.514639572443142,0.403188458132936,-0.284213078448518,2
-0.396549736050212,0.908086441860496,-1.95932663870655,-0.341907115162922,0.4115921198628,0.4774869749737,2
1.30997822575155,-0.317381864708129,0.21341173052117,1.71787742881929,1.68018682802245,1.41769785461577,0
0.470393399873943,0.179003966540422,0.0253358701112366,-1.11637790865796,-1.06210757323509,0.240906782165032,2
-1.2426702705746,0.348028187729177,1.36502318785994,-0.488479619162847,-0.791235649678155,-0.792232185684668,2
1.38157545638553,-1.05427902127444,0.291093808244857,0.807332293407758,0.388512274160985,2.94832632526644,1
1.20445893700982,-0.104744288110701,0.79721770112609,-0.261008741670786,0.253998499450374,1.00994705324375,0
0.824073963681881,-0.228342617094529,0.0409863743756614,0.488059917826579,-2.18716829258598,0.594027539366259,0
-1.66262940218559,0.675355562427539,-0.818324049625889,1.35278382096951,0.537800433283471,-3.45820190106482,1
-0.569306343605481,-1.23324469350631,0.289640643164427,2.17681559130925,-1.28988641170683,-0.887892005550177,1
0.635513817289526,-1.19996154442278,0.339787111301115,0.051387111206838,-1.22554397015877,1.24485122108425,1
0.0437220075778579,0.765866576616108,-0.817392730763433,-0.838095445235414,1.72711355277575,-0.632363664156778,0
0.348012303661307,-0.588097861282977,-0.0287493152280801,-1.08461500930842,1.1603578032903,0.502301568714163,0
2.45959354887041,-0.660295829975576,2.00078165111199,-0.546532769073342,-0.74816158375162,1.9459474319758,2
-0.81838032439967,0.113013522197344,-1.12926606328462,-0.426509704704706,1.66667232493041,-1.2563530205352,1
-2.11320011492914,-0.320398799686039,1.47217859206972,-1.21099755539979,-0.529697424571316,-2.71758926066804,0
0.273695272430415,1.86638149693879,-0.227068916484902,0.597792997779026,1.02864835063927,-0.680583093581475,0
-0.687596841243412,0.259531455767799,1.48231059624201,1.42389578908393,1.3767179910649,-0.806705806371948,2
0.446041052961866,0.16156007091807,-0.843053174487288,-0.443298625558346,1.33100295826265,0.573559850608558,1
-0.812384723790597,0.931074909335354,-0.0661953274558979,-1.04033346567429,1.25465594943585,-0.474268757775353,0
2.21205548033514,-0.0599467492596211,0.311233498357864,-1.27389707840725,-0.287334553809268,1.24737659057633,2
-0.12370597157743,0.0487397000774502,-0.112590228303414,0.770151612011796,-0.546735518159085,-0.781688186282788,1
-0.477335506030052,-1.07287540073396,0.658738838942645,0.031522621976529,1.253927471065,-1.07677591436421,2
-0.166261491486608,-2.29297143048067,-0.16686150010949,-1.90485475143827,-0.0717229189590111,-0.534403700700941,0
0.862563383626431,-1.20720685006434,1.20887346516015,-0.123755177145571,-0.682436621264268,0.163339054002016,2
0.0973404852028189,0.114109429797191,0.170419433884223,0.000328377213438334,-1.02499645828567,-0.444754931590936,2
-1.62561673921129,-1.03329707910538,0.692419636244747,-0.843778344728857,1.30157781471653,-3.66336078767561,1
-0.0046207678264578,0.688807752342063,-1.18554693655878,-1.22133337042893,0.758060825406684,-0.4690078712402,1
0.760242167662055,0.725083017674864,-0.658389290697043,-0.452985993615507,1.4796143353762,0.250849504638536,2
0.0389909128725626,0.217380210939088,1.08950794879155,-0.702319931281127,-0.619562406414632,0.230509625003447,0
0.735072141614441,-0.201656731618378,0.508785941160661,-0.674380385485126,0.259687227256229,0.363709064174079,2
-0.14647262699887,-1.36568986058868,-0.135906625600424,-2.30302319048591,-1.08652092497737,-1.10728810621063,2
-0.0578873353812826,-0.30893760867716,-0.108782736956893,-0.149332904782873,0.086223563193975,0.342123125918895,2
0.482369466104533,-0.452902886537227,0.754900160454641,0.948689589970129,-0.846202449052606,1.29861072962745,1
0.992943636775734,0.663229144519792,-0.223811321619966,1.15636246052357,0.388905864370388,0.977718690854639,2
-1.24639549803204,1.3086295367487,0.0749551709399243,2.07435248589762,-0.0376358153463912,-0.806399095676051,0
-0.0334875248456097,0.501040309894498,-1.64595480215,0.265289970321459,1.44560164892583,0.0275459515073794,2
-0.0709621812499963,-1.12828853519737,1.77400936515502,-1.05200382914047,0.317224482102685,-0.286586497551852,0
-0.75892065373095,1.67099730539817,0.765967915976574,0.50234223621863,-0.403980490819091,-0.675698303889942,0
-1.03435936093915,1.01035303245212,0.832287843010755,1.09984502312187,-1.74023733047524,-0.458923042379695,2
-0.63073195397082,0.223521215874458,-1.90545752247312,1.88650483041417,-0.452821278920118,-1.31523704426917,1
0.586807720012995,-2.20648459320962,-0.0208366761944145,0.811253500689395,-0.586087506559595,-0.642428381247576,2
-0.416322656183652,-0.954585618553158,-0.408933912448218,1.41824380879396,1.14791904431639,-0.693605273236551,2
-0.78488780950532,-0.0685730672102366,-1.3763863065768,0.439169901702954,0.457363259644693,-0.322089227964372,2
0.163416319486097,0.76130590156527,0.727430374393256,-1.2775016086011,-0.587806362058572,-0.0335204754914507,0
-1.23671423510935,-1.17990419995829,1.23413078123709,-0.861373205211443,0.227914940694947,-1.74754733252857,1
1.04587377623667,3.21119895676729,-0.553224405877467,1.88698587497109,0.134147741846246,2.23397468983349,2
-0.484595416218709,-2.55382485095083,-0.229190177928735,0.704087313182904,0.329327772114258,-0.760779265019321,2
0.189128811680665,-0.235933949334065,1.71146198892227,-0.667720525332029,-0.297512213642794,0.788404135370818,1
0.0510063315749732,-0.259562643261435,-1.64980790329702,-0.705714342057153,1.18498797306452,-0.259537669145117,2
-0.000240668886441977,-0.663366916619193,0.744220785437818,-0.920718579914376,1.30953538662527,-1.39475003714605,2
1.80938204244287,-0.318990710826149,-0.314021323980916,0.148473291996029,-1.17045526511543,1.61035731900224,0
-0.825327957109945,0.742395157572315,-0.115310841404454,-0.250017361132774,0.996118866300114,-0.627929339919122,2
1.14547045222799,-0.874292675785773,-0.61097434277214,-0.941768954111299,-0.746997016690059,1.86794660664465,0
0.0315731875532431,-2.08281376630328,1.09669537901904,1.21419901863892,0.221867656465582,0.219691224502642,0
-0.83520580530672,0.0937679028102176,-1.12716761108376,0.018566433000226,1.0009452311825,-1.69887961993885,2
-0.0687636490165125,-0.00181981200279561,0.962609492438297,0.757831699457548,0.494143258559294,0.0666700805398287,2
0.746771687012467,-0.013100652371574,1.40646401623189,-0.380062699996006,-0.00844441753463621,1.02213950677581,1
-0.425518734394604,0.667968074558104,-1.6416495088997,0.174948713347219,0.0961369855328748,-1.7014840199049,1
-0.772082235193457,-0.0131677029521626,-1.12690419254923,1.03352330902476,2.25070523918321,-0.319147705054888,2
0.152764106747895,0.776047030476303,0.591545480502423,0.67572399543247,1.4366346913565,0.841640479861217,2
0.988596845178799,-2.01073533263526,-0.956309119505936,0.94128124291257,0.0104077495384871,-0.21678218325,2
-0.073458334672174,-1.1281804949718,-0.691529886346393,-1.82663007251395,-0.320791891518128,0.0811872581062952,2
-1.38702655355974,0.34879957158572,-0.445352767351361,0.177204381296563,1.84167486726203,-2.93015579225121,1
-1.30667590437536,-0.352898482096924,-0.344484228326568,-0.191807861947269,0.0899247252253416,-2.32581734278153,2
-0.768395325077939,0.944774597917623,0.703698185246122,-0.650198710009829,0.402792818116791,-1.08131460461963,1
-0.527108125374458,-1.00471985252646,-0.60300576479426,-0.560696341260001,1.30939370465749,-1.36696846592596,2
-0.0214270650416246,0.723902732496846,0.0893504124146815,1.67576579329994,-0.613254222725411,0.409180084530779,2
0.670498070996282,-0.668832740990364,0.737494637219904,0.430534600439241,-0.435480084919432,0.208877172253178,0
-0.434617038572407,-1.1130401937158,-1.54037944457177,-0.144606620357246,-0.382106084270801,-1.64336700980015,2
-1.11387978331285,-0.342805189366945,-0.689632292648809,0.939025712144101,0.171328176109932,-0.893163470675579,0
0.6071059948785,0.0497793231687396,0.859793460209431,-0.545496749523291,-2.4165624634469,0.182652141149611,2
0.275456968739591,-1.22768196152554,-0.376519740675772,0.138850363215646,-0.41817143658625,-0.609170061898662,2
1.15734706941474,-0.764005910827448,-2.53508347030523,1.44686231335255,0.707195564900496,1.13738506553189,2
-1.68248085947826,-1.24618206161788,-0.857809228617209,-0.332628086150536,0.31180753531698,-2.96367027286785,0
0.0873190888948744,1.01677397775977,0.816026406926163,-0.799156272263214,0.350640156782387,-0.381289748367715,0
1.35336189394267,0.723612624058863,-0.426588909225775,-0.548292745132407,-1.58686541262596,2.4799485300903,2
0.724173800683369,-1.03252713710511,-0.40463684004168,-1.05079620451942,0.216521654079693,1.44565453232209,1
-0.832552825764212,0.557346004122758,-0.145769224262472,0.252662491033329,-0.114749842879395,-1.67414467094429,0
0.732528486768414,-0.255581423099522,0.71946636806737,0.327861853995298,0.0203381232290744,1.44034758352436,1
-0.871926869997213,-1.11339175714667,-0.491090752219327,0.855672400490503,0.892790261937783,-1.72110718552054,1
-0.453397511229793,0.421197439614804,0.475958438418499,1.80176227162749,1.44808414754465,-0.841332652630776,0
1.18753427862908,-0.322950311846374,0.573153668052675,1.40524081174873,-0.252030872055031,0.844865225508126,0
-0.290145311790079,0.880179901191523,-1.01885957771565,-1.25079179413567,-0.597471279167578,-0.599803040757149,1
0.828546144965436,-0.194863606775901,-0.0618722344363663,1.99910885447275,-0.247740839749518,1.15098577674873,2
-0.291227708779169,1.18805498210378,-0.538305101604451,0.139278487592147,0.774365940151648,-0.711931717301046,0
-1.57636240474791,-0.509764511767954,0.416954726110764,-0.386669103439724,-0.118587206170082,-1.2182482666672,0
-0.848815696948922,0.219548010873294,-1.50827665613024,1.85563569044348,-0.417581271100897,-2.6313642203767,1
-1.08851986195719,0.370294421364558,1.53916992776747,0.42885538447628,-0.052426353257736,-1.1816113640605,1
-0.484290571117173,0.279108393730607,1.346018088596,1.73079013958977,1.35395020283372,-0.583037894304343,1
-0.336311209009573,0.201942437313324,-0.842855777501525,-0.0435236741393199,-0.920651427306943,-0.647610263015789,0
-0.153357890661644,-0.0129965424313442,-0.669874227807658,-0.73108580813751,-0.310771373996955,-0.205155165841193,0
-0.243247228574846,-0.0908650060774901,-0.908487448146122,-1.96596407622063,-1.05580296818196,-1.10276361743959,1
1.89220204160011,1.36503136531884,-0.136540641797694,1.12686531518852,2.2387442557997,2.10826379287291,2
-1.38599833728542,0.908130568883166,-0.501037963291251,-0.888084388434115,-0.473062140033249,-2.6232374173076,1
-0.41482430070778,-0.609888171401906,0.1126384468164,0.871359260391993,0.906054085480868,-1.44708728093221,0
0.349081528106831,1.39643722121945,-1.87521756309427,0.119893566616341,0.037916931594142,0.687706139352356,0
1.62844226581541,0.144798373308446,0.158546714458315,0.472434944803404,-0.175362283023761,3.675076060588,1
0.0885218957136163,-0.640606771595302,0.0155626712640042,1.26663990982006,-0.361609025278738,0.149643833958827,0
1.23915070840056,0.169802259558534,-1.60060346126013,-0.485316378946902,-0.803621542084907,0.845025889805769,0
-1.64455553575371,-0.157187487420844,0.275973089169957,-0.461533586184343,1.34157635107538,-1.32773702793425,0
1.44635652537848,0.100939594546104,0.0549526398709077,-0.231758337278765,0.625930654378281,2.79106630166664,1
-0.690560171665183,-0.97339415414828,-0.230573354697258,1.06035377243819,0.0311307079941854,0.197327334627813,0
-0.276431085453852,-0.819825275253199,-0.0132162906038914,-0.474785704501272,-1.09491334946943,-0.301185096068761,1
-1.10941875989944,1.36291896902543,0.384949196022327,-0.175510280957715,-0.486414065558645,-0.179445913050543,0
0.133869316429452,0.961370930531278,0.346723717001246,0.796324499089145,0.953093683264103,-0.170877206355699,0
1.78533905173155,-0.883724474401114,-0.431612760578627,0.77874531585307,-0.994513348092816,2.36186671297544,0
2.42216335525159,-0.900092115436322,1.1501780393287,0.796802566246094,-0.571870322518041,2.90683793388078,0
-1.07682890211841,1.72333313279683,-0.0365321928878792,0.0490515728363375,0.783173181570287,0.103489242817136,2
0.485941110403099,1.90904216212893,-0.135801421736564,0.762612934834823,0.381366421089077,1.37202495665735,0
1.38852173874429,-0.777141195855263,0.944618045644523,0.285993069636396,-0.60005817395716,3.36619875979959,1
-0.195656817284544,-1.30230526261311,0.992041361670064,-0.632815038152827,1.65261512009413,0.354694500796126,0
-0.218174797706211,2.62349516681868,-0.700669754968901,1.8043844808011,-1.19076693514159,1.7820468236305,2
-0.304777954546445,0.229628914346807,-0.991058671834594,-1.86301097301425,1.41567745190252,-0.548596184097988,2
0.597832724111443,0.186749892141885,-0.705618052658819,0.845528381213056,0.814172817192482,0.942089092900416,0
1.39742941081576,0.0761366349502805,-1.17577589332822,0.341667682894606,-2.09757104835645,2.03148013920782,0
0.687619761239963,1.40486018632133,-1.78119695174032,0.0227776061434687,0.320165082487674,0.439195133257717,1
0.320188014296969,-0.191722235336317,0.310607521838391,-0.611399988446644,0.801025120424051,1.26441750265738,1
-0.301869925777261,1.45939216415609,-0.145110360949431,-0.260526772474753,-0.791680654042777,-0.110824048421476,2
0.49834868555795,-0.220655451134541,0.642549753692457,1.80567031464304,-0.0106662632339682,-0.238736097770477,0
-0.549536917916756,0.50514588627314,-0.00165936230130426,-0.0969992670036506,-1.62351793994448,-1.15045446225541,1
-0.279256503637243,-1.03349700607288,0.409162962077351,-0.384486699785057,-0.907567051887799,-1.41594608092639,1
1.09651344311173,0.17047347145922,-0.496058147310148,-0.878362142505014,0.136766722422639,1.80582606761673,1
0.442013088178811,1.20066816089193,-0.960107958901165,-0.495578521936919,0.271187956531974,1.46612415256962,2
0.241016294026112,-0.163405914765736,0.778132224570433,-0.0842924535744518,-0.07366121520502,0.200930954971761,2
-0.255607655355518,1.28247586312264,0.761120616327841,-1.357722067055,-0.77443032842804,1.02817276049742,2
0.931032901484882,2.72719638791127,-1.73371218388323,1.14269781676707,0.593816135526189,1.06905536046167,0
1.33491258537547,0.941924217330924,0.877294651826758,0.0978270374471885,1.32750455958168,0.950303321328889,2
-0.869271763875442,-0.248614037279559,-1.7733714389337,1.46502102859676,-0.600835831817181,-1.44404677464728,0
0.0554869546651026,0.0964788597064851,-0.0456873243111543,0.990435852724288,0.0565068582510194,0.135380114485693,0
0.0490669131919192,-0.433930941301739,-0.394872253984139,1.41438675072227,-0.531076289581877,-0.164539430265694,0
-0.578355728360897,2.17866786745157,-0.128056266421018,-1.33589776931334,-0.0808987843769502,-0.70321035476729,1
-0.998738655996004,-2.95877961913012,1.09623773188662,0.579583638393261,0.160755586671381,-1.92202783057659,1
-0.00243278000660164,0.0808882391991137,-1.2552178606199,-0.361821214298648,-0.102140564663634,-0.516752292151315,2
0.655511882812969,0.110137804617221,-0.265483694629895,-0.046852449651786,-0.354749969786071,0.436176419551743,2
1.47684227897655,0.213448326312653,2.55330249004026,-0.599477471411771,-0.471227347093368,3.46307878545332,1
-1.90915278827921,-1.55781961263232,-1.47830630595052,0.215104493222833,0.0340441773616117,-4.29101161672253,1
-0.702439473312409,0.216211546257758,-0.626587568230723,0.0936314854790409,-0.200721207356766,-1.34449162672191,2
-0.311430218011919,0.18766381702644,-0.0410520223413907,-2.11983441513135,-0.544448628769274,-0.0288481864823323,0
-1.66315703066738,1.2586221252136,0.199953219832439,0.852443088824704,0.377362269645537,-3.23494467737238,1
-0.75053344179229,0.523517780908964,-0.533305600527376,0.15437457231326,0.403728160580446,-1.89943092453874,1
-0.777351759181508,1.11545427747996,-0.266032317684011,-0.971861640205415,0.170236937543032,-0.800445001706273,0
-0.722569699859602,-0.957502242170469,1.08414781411867,-1.10142783592314,-1.10107992122072,-1.36832602730184,1
-2.18883459914707,-0.124405579855432,-0.180745479625044,-0.690244888297098,0.402469699291095,-2.63434959625899,2
0.213418550286554,0.191737829049968,0.251555319378233,-1.58363492221125,0.425816177210946,0.609213766742459,1
-0.631922936254832,0.272217250603347,0.369542235154893,0.137766066513836,-0.283128718862383,-1.61060535733883,1
1.52049119383216,-0.693814463673254,0.407034259389767,1.50234395496283,0.553632072115556,2.86940431163463,1
0.795955949415082,1.47917192085213,0.492505019245782,0.192881587148273,1.26435623247709,1.16738061838213,0
-1.4535295651328,-0.611767021642771,0.0546325790523077,0.527154734523825,0.327802463194629,-1.59629841911337,0
0.0983954210058388,-1.61430997435935,-0.708674076161911,-1.48320629120238,0.765106373309395,-0.736546416834042,0
-0.593770984233153,0.40249011059067,-0.0582707524435477,-1.53920072330941,1.28257345881025,-1.31973698919397,1
0.888281168634515,0.664555447289484,-0.963421822237506,-0.896432886914323,1.65888693382934,0.370581694141122,2
0.0530704154986666,0.944127070994937,0.0933932966058741,0.721069979748221,-0.480729813134911,-0.157275575832947,1
-0.557023625844656,-0.946260797708289,-0.347901133459108,-0.884501944686544,-0.407834514587087,-0.875531524266884,0
0.43839703617272,-0.248288449238896,-0.118334438145549,0.558598525708553,-0.328918791729082,2.02565692831276,0
0.152608158642419,-1.32843646853908,-1.09909095717492,-0.218737504846289,1.10107658785062,0.550819112221576,1
-0.164617581749564,0.844763742098917,-0.283076412422231,0.383623482386597,0.581717960782718,0.478772368665765,2
2.01989062147597,0.347696732438648,-1.08973467284561,-1.03912011024684,0.957779202757363,4.1398803345733,1
-0.529385886317261,0.913762586431107,-0.405665544099862,-0.948992248570827,0.301421804337359,-1.32336937859362,1
-0.470786972984042,0.608274553380681,0.526907259597763,-0.104160953983452,-0.288461063573085,-1.80937140041927,0
-1.54593692401752,-0.607547987804487,0.240419981775496,-0.208711102723908,-1.45615158789359,-2.1855178823865,1
-0.0405267232951771,0.179658070871844,0.898362457249367,-1.78873019525217,-1.70465154066219,-0.298651916634383,0
0.890356305470676,-1.90840941941738,0.487968126935476,0.537084421086505,2.01122119129554,0.459335398603005,0
-2.07138785092921,0.502946257689096,0.111991365197539,-1.94969607009284,0.00396133245276825,-2.13489920713171,2
-0.250065120073019,0.968899153478499,0.998313347136219,-0.415234461553216,0.558221906568822,0.77186568759968,2
-1.18165042665332,-0.875737125773327,1.19171680875342,0.0551296705930179,0.694493685600807,-0.808805499652174,0
1.44193726501691,-2.13602453869801,-1.39938756712371,-0.701999719088772,1.44632123678831,2.10273016679285,0
1.35789553887886,-1.52282758158501,0.892147736646772,-1.40383903257398,0.633468743359524,2.85552564841139,1
0.33450284734065,-1.11311820788607,0.777958970340806,-0.398823930892521,0.0263703369604992,-0.279559379376478,2
1.42933808040023,1.2409838955359,0.94191451634695,-0.110421799564805,0.742875516154548,2.73355886701403,1
-0.867317850878684,0.00348193506299025,-0.908802712301102,-0.924078451273399,0.347303392127326,-2.51322285161798,1
0.950651724971886,-1.23779458599307,2.40893084447621,-1.35724300041576,-0.628654925909304,2.03110118261507,1
-0.585011508633235,0.555699118898025,-2.59425017430808,-1.19460448275129,0.958491926298926,-1.33871020603659,1
0.320957522525629,-2.1831493493599,0.00686303751409395,-0.528487779287787,0.164441350143759,-0.962099737179789,2
-0.299396016664908,-0.247024457097248,0.118106668928336,-0.45262688672095,-0.034705900963032,-0.0724459029800509,1
-0.278543083293069,1.11285692758645,-0.14969732641009,1.41948519316134,-0.920743815374439,0.0485205701832593,1
0.546115158329532,-0.341673237009086,0.747873287863168,-1.28568114451572,1.14805514963721,1.77296259444045,0
-1.30382115364487,1.30543834214107,0.12403480689883,0.381148939361978,-0.389880110029636,-1.07135748526774,0
-0.25091446504246,1.79532387144079,-0.778054747212651,-0.417468601097774,-0.0992632632773881,0.599322566551438,2
0.17100737371791,-1.16783522747345,1.41003330549222,0.092861420787736,-0.0279660623672148,-0.112150989640268,1
-0.403467478747509,-1.15228762498202,-0.293911808229858,-0.663584535776221,-0.0569888848706201,-0.420135780394254,0
0.104659440835727,-0.914455469345649,0.610678645005375,0.802827389507556,0.555659016748442,1.06961750487448,1
-0.318880786734009,0.52872803253363,-0.666510079863262,-1.70308264539455,0.901923838993518,-0.43700659856445,0
1.61834393588343,0.835078927048582,-1.0598828782705,0.153907072564843,0.536623088234037,2.47269325654621,0
0.714188601488617,1.20913697409153,-0.605838699162315,0.0260754999213632,-1.47118613826484,1.31699880320444,1
2.96586536983324,1.29947254536082,-1.05684142085412,1.05586337908511,-2.40935940826857,6.03689583122792,1
-0.795077604559211,1.07573230420989,0.533106472674961,-0.224467114350504,-0.365017377779538,0.445382587370231,0
0.814365914679913,0.939801023514297,-1.55209261464742,0.496596389373037,-0.181268484634166,0.827948335873629,0
2.09803081013037,0.163374693406766,-0.978489465308578,0.399633954636834,-0.149062942660811,1.45336557010699,2
0.30098005515257,-0.888138558640392,0.0272183551599775,-0.646912750685488,-1.39271469385941,0.265138706596667,1
-1.08307514183923,-0.72616098275635,-1.71557231699709,-0.0837627647875345,-0.679359244378277,-1.61153330920441,0
-1.00632250180328,0.407597005613739,-0.504888026492709,-0.133621200009519,-1.81911796861397,-1.96772657905257,1
-0.035414564917612,1.68353633925179,-0.304922680917571,1.11960385547419,2.63898221848215,-0.35697388124848,1
1.30912436085341,1.70597982356461,1.34607823542665,0.239220972582604,0.546608278218245,2.80726844103515,1
0.750400486646719,-1.92616670082608,-0.257536690796696,0.290602215857855,-0.0061539389294077,1.56231124308359,0
-2.13836832761242,-0.833998015228465,-0.523287300658334,2.34360141841864,-1.8901394678583,-2.6265151086183,0
-0.700354108866634,1.41913251633319,-0.663217798972631,0.4162981123864,-0.266783371165174,-0.494975099572889,2
-0.00905647529298544,-1.06410971501924,0.447221039692659,0.362481077869282,0.820431010197318,-0.146312706771354,1
-1.45813348724477,-1.61357747248045,-0.319450981926009,0.531682625476121,0.778193540049604,-1.01672511728876,0
0.694529646494869,0.599811088697427,-0.543778849936917,1.54804223833981,0.454092023522563,0.88254320824671,0
-2.46133547518649,1.73296470538705,-0.279673442488512,0.961488300605771,1.41005217305168,-4.87044550614616,1
0.143289764040456,1.93450456245773,1.06523260036693,0.338436178606463,-1.81106410509648,1.89641675914411,2
-0.391222119127056,0.532820575670794,1.56782874914562,-0.610953004269112,-1.10245174108699,-0.916764737348185,1
-0.491164085614076,0.719665756019784,-0.643112078958536,0.357052050410198,-0.0191678713168816,0.433096857427315,0
-0.283647452452051,0.560093385755184,0.0205217485106878,0.141508679877188,0.149303719680044,-1.03894568758317,0
0.314794804707843,-0.018086931659967,-0.324184458375485,-1.83629134377865,-0.532431870264935,0.44628195322488,2
0.396326577938989,-3.37173908255051,1.85739602217537,-1.54103104639384,1.19784612620355,1.244799888538,1
-0.22560371103596,0.760703244759755,0.590763995069064,-1.79438286441787,-2.0425957688947,0.724076625157912,2
-1.92495043034056,-0.39122685224321,-1.7806267173964,1.41451490845874,-1.01431086481328,-2.84673292830833,2
-1.43922929832198,1.00990122381185,-0.434108699575314,0.618337891760976,1.60391822138318,-1.75240595909304,0
-1.4696577739724,-0.626973147073749,-2.29274971170602,-2.35045538719928,0.892350034157026,-2.43569556196086,0
0.761863446891932,-1.63457736950186,-0.0929652384515409,0.467031586094115,-1.51770556163796,-0.174956033014803,2
-0.24361498187128,1.24524265203048,0.70396445332971,0.0638319381435125,0.823528276152144,0.128870593927231,2
0.269676607418008,0.181377446555404,-0.894489621256767,-0.256260441820274,0.365562248008499,0.854101195880264,2
-1.55892752095582,3.4953042639856,-1.28250679207462,-0.74452203825337,-1.33092166830989,0.396435224658211,2
-0.535588006696314,0.915591913326913,1.25578417415048,-1.26902527654423,0.3595761544677,-1.21923417296877,1
0.562451973173495,1.04850651742624,-0.964629979588376,0.862628007930791,0.892994609988693,1.24356284279627,0
-0.178326123419918,0.763824936934856,0.907783881064091,-0.576934671897016,-0.995098995899314,-0.428800477699202,1
-0.115135986202651,-0.6033873768594,0.214073613669174,-0.13226734829003,0.51967192258579,0.241034263139888,2
-0.0720614721063666,-0.370429662702776,0.881023122748974,0.586828100587993,-1.23573344828329,0.189182439009826,1
1.2109098069263,1.05982593833365,1.00254499828277,0.535000276997602,0.529726874322074,2.07150466408952,2
-0.614896900799703,1.05511052983939,1.13991050456775,-0.393409936967253,-0.983041720955936,0.366018550410464,2
0.6761264583147,0.582972161120319,1.23603585230776,-0.540609417209361,-0.375745484254249,0.657312809227666,2
0.898599605537552,-0.986567435539539,0.295401510142675,0.259450915234582,-1.04173538449989,0.192811462124229,0
-1.18931790352102,1.68462181174398,0.171761023605458,-1.17827876100886,0.697667357430169,-0.784195760075025,0
0.121258849819009,-1.36684104568263,-0.955389282695439,0.306138478548671,-0.144448803419361,-0.529240151802673,0
-0.0112216861304115,-0.433214348611114,-1.21040912105673,0.173481229120353,0.498543397139294,-0.679634761330264,2
