"x1","x2","x3","x4","x5","time","status"
-0.559565905823615,0.342600502104396,0.54740115807195,0.876010074372202,0.253221625234284,0.514079543299951,0
0.463482698385629,1.399983282544,0.764739841553032,-0.895471053579011,-0.926457661234402,0.258523957689038,1
1.04728990156602,0.189284171697337,-2.10197356261625,1.40995149273902,-2.96909009493866,1.84080554377673,1
-3.0049301270555,0.0655412811898951,1.36172361340943,0.190195110435246,-0.874710151647698,4.4038912728825,1
0.562551818676497,-0.124550829070796,0.255034155743164,0.280405077295919,-1.41680541041812,0.193642453080993,1
1.95969360042889,-0.27819386317778,0.554729684935079,-1.62332961449366,-0.734604728488247,0.461823804287148,1
-0.692127423034636,0.178626913996799,-0.555854909568538,-0.676548106298107,-1.27851382412583,0.329347338274622,1
-0.890241134615009,0.334588376801595,-1.57675445989402,0.144416458556773,-0.942749368417729,0.55089344716721,1
-0.512066917436548,-0.233187332769662,-0.194559045422836,-0.999897007065761,0.245484945713102,1.41940031153845,1
-0.314344588347364,0.0429306867765432,0.902514791386915,0.568210747769394,-1.58137459656697,1.11154800611262,1
-0.460075385530207,0.720808789179481,-0.0265366007599153,0.924689549928911,0.553063358906026,1.32716039009392,0
0.0822328898376948,0.8565832095185,-0.727086149648979,-1.56900170176105,-0.5167138248808,0.326434012331182,1
-3.06248574734777,0.249643540835254,0.747922293629057,-0.319648210457393,1.08438697610157,1.07057187333703,0
0.74172586375659,0.622986211675559,1.51872832184695,-0.24786514228861,-0.0678234777418429,0.137905290910759,0
0.584712103803782,1.30310828016303,-0.683992204511384,0.592769190374225,0.415004915106735,0.073793997937307,1
0.460278374247381,1.1886411150861,1.01434624636394,-0.22375861137375,-2.1630544292197,0.497303609512402,1
-0.366791917378743,-1.88562815653158,-0.562333391990866,0.291473797207398,0.676552360501767,2.38377270868998,1
0.408285493887782,0.505549470079837,0.624579498480074,-1.17505691219887,0.455587595797508,0.725164769424541,1
0.926132351161239,1.00635124338688,1.5881134279585,1.19195167214209,-0.640977796710519,0.0291525499383311,0
-0.0475228646661194,-0.024318077445386,-0.47772665900566,-1.02142527938217,-0.0691391177670244,0.311410653404891,0
-0.370501279545615,-0.45104103503443,1.642277440355,0.0210620927061905,0.601849031620671,0.461576337017608,1
-1.40226005412314,-1.32058719934491,-1.57741203235754,-0.537218414405916,-0.150768792505541,0.417091532610357,0
-0.25704399141791,-0.658469435877747,-0.617345732513453,-0.33205597674152,0.000790574071519216,0.66726060736716,1
0.384454305139993,1.00654521588831,-0.911356933871289,-0.468756923902173,-1.03928681037599,0.311518711969256,0
0.578263593746426,-0.484865535772364,-0.403572720308978,0.286733964287293,-0.561059858206193,0.314778414372887,1
-0.354085496576407,-0.129643741998424,1.20160153862265,-0.017080252271105,1.20132212202939,1.80139891120137,1
2.43363971973746,0.880929803554984,-1.50125507986267,-0.015329722534871,1.08639798547419,0.518002567447552,1
0.137676185295937,-0.554099190466117,1.39637419321766,-0.756105688625859,0.931236751412245,0.812825161864772,1
0.375154831695317,0.160409468257032,2.3101074239119,-0.288400523652035,-0.965674481548388,0.0819601071998477,0
1.44104994900636,-1.24133400288627,-1.00323156608657,-1.47110507980238,0.914821244294558,1.44988423507556,1
-0.833297565579836,0.00830059557844929,0.179204584004651,1.78980070415526,0.370730027556776,0.403882359252112,1
0.581303207727233,-2.08963056654251,1.42216937573584,-0.662626218867114,1.96980899137529,0.146037136860349,1
0.139397399507835,-1.75366341621384,-0.0681284844849555,-0.290495242836733,-1.00511510305704,0.8494350829935,1
0.28118200260766,0.77962903583717,0.0231469606418684,-0.0982662329427642,-0.130417898226341,0.194152482199518,1
0.675853457921705,0.871926465099053,-0.03394500963596,-0.362153422036837,1.32122430302757,0.106300059094905,1
1.79939423177535,1.57302083194024,-1.48802653701941,1.66186792174474,-0.393698794708948,0.125773317295856,1
-1.45223220063275,-0.0776782382788551,-1.57437947318326,1.28674417391757,0.963219530973218,2.71865223898532,0
-0.450354011892857,0.739816186539825,-1.40784585033178,-1.47187490505511,0.250961986479494,0.695519650073704,1
-0.496065396298437,0.061454274778168,-0.89737522943289,-0.446482836326113,-0.874891848118619,1.58513992781397,1
-0.244538695474745,-0.0365866466614778,-0.204581554227028,0.150197522799398,-0.394876527760101,0.407822098582983,0
1.26364389578022,-0.940169689924587,-0.475428481670217,0.535325044007445,0.358779166473851,0.725942167907846,1
0.160270757563042,-0.386537397922874,0.7075279971541,0.138030102186883,1.5209073992579,0.480219342328318,0
-0.0438797807856969,0.728506486270831,0.405576144139335,1.11425699196314,0.649063940108139,1.84683360015804,1
0.535504014780016,0.84390750008233,-0.590509406444124,0.655916697521301,-0.123945628890409,0.2081239808648,0
-0.807271397704043,-0.765074143225413,0.297749234674171,1.00799396339738,-0.85151923761386,3.32412352768664,0
0.283469934481152,0.379137671332541,-0.443404639382021,0.24137025492004,1.30112585791828,0.936124080792069,0
-0.95506935698701,0.325398177523047,-1.06923493583718,1.48971227570563,0.112842835404835,0.20804775878787,0
-0.470072811298904,-0.469605299348511,-0.858076083262518,-0.0727477831155919,-1.18166900683901,0.121261597470316,0
-0.862731862708989,0.457337119660249,1.90627928034472,-0.0113672881791151,-0.581564827561492,0.337792113107052,1
0.477848684459768,-2.80823588958836,-0.463408130501865,-0.387827040282091,0.375491665002518,0.801347498597396,1
-0.568793084472858,0.549852056317184,2.45846572952739,-0.675893603348395,0.557080181158903,0.404196927693802,1
2.05575343111088,1.0675080520724,0.551368373221761,1.12859481662874,-0.387421646502961,0.124422008171678,0
-0.416272030764153,-1.24015202946995,-0.0862605242680819,-0.823958737863185,0.696949242897913,0.220728983290806,1
0.0186924480904308,2.38775899852208,0.0516317920203849,-0.238612305102195,-1.46297420920545,0.13377466033041,0
-1.30516636034752,-1.11801236904332,0.443386645706635,-0.0610505500135421,-1.19978724869603,1.31059491913766,0
1.27224093394037,-1.43611597518964,0.85668795803625,0.340646065326899,-0.196744435613283,0.446030563741494,1
2.44883914732105,1.84567481746625,2.9609711211571,-0.892129259418966,-1.28244700208502,0.00224515066955331,0
-0.350913751588408,-0.27249654516202,-0.271797983851304,1.11930723172133,-0.120934784365511,0.0802250139499022,1
1.24289510885955,-0.184067656403943,1.13710246066676,-0.0568175647756989,1.35570448786819,1.38730406054103,1
0.908637577521036,1.85137109607,-1.40577648400459,0.710668071872517,1.13230950254875,0.0379317259245001,1
-1.51288401910548,-2.0945607824442,0.0923615352340508,-1.2055715142432,1.41720630194436,1.16847519413062,1
0.478122347323511,-0.710417542616297,0.682680372422216,-0.39698912092193,0.551584190387148,0.281868942081928,0
-0.854791308540746,0.199517289572571,-0.214453198132189,0.686306110213998,-0.667636394129068,0.0697550716702646,1
1.79553883146398,-1.3315943513273,-0.69223794084437,0.938246991607432,1.30013836382371,0.392015320027587,1
0.467737152417257,-0.581845199730229,0.0259841675380044,-0.197021009298047,0.418689210184976,0.144352532933916,1
0.0322283341645257,-1.63595590369596,1.07641001886423,0.0796424588829587,0.389543359101406,0.346582884358719,1
0.289825698166542,-0.333760834375616,-1.11903092687114,1.081121220595,-1.96107340324096,1.02541035786271,0
-0.375638695895907,-1.32300815053739,1.27942703372704,0.332829722228421,0.242952020639411,0.429804962128401,0
-2.07496118580779,0.337098296027203,-0.75307110809963,-0.11695061213969,-1.76859263564417,1.10809784475714,0
3.27013940815481,-0.216178455756682,0.344660232725403,1.80138621463236,0.125153271417791,0.177257649542407,1
0.249479117985209,-0.795824100829398,-0.131169331665005,0.533067376840879,1.13731575980716,0.00972383412644123,1
0.741866180427997,1.4542932974898,1.07543334913271,0.655567253359934,0.92249229998808,1.21191950235516,0
1.19639641292574,-0.837863153699258,-0.876189480864968,-0.480632728393241,-0.638315021935011,1.01073185168207,0
-1.27791556507104,-0.00584270270280854,0.435158392300571,0.0479931893721365,0.0300818372181237,0.316355128404758,0
0.39082599102118,-1.3278888454462,-0.621057645432773,-1.06475562614156,-0.851097206823435,0.757879933592923,1
0.707070797315517,1.13804282279316,-0.48863224678261,1.02257233091599,-0.988596345019864,0.289226359687746,0
-0.596408622223711,0.267661162649396,-1.82938273869623,-0.847865612019494,0.272376261363049,2.36511927679874,1
0.800008565852891,0.0932709822787372,-1.57498689852185,-0.582293063947286,0.717178859729971,0.602687675181088,1
-0.417686671710367,-0.702217714617611,0.475261314376217,1.8050318869646,1.34997527155578,0.589905037544668,0
-2.09128583090237,1.73585967344715,1.37635662955654,-1.17421887854436,-0.0676913660880095,3.1426963022161,0
0.470769500055323,-0.33007840356736,0.115875824031611,0.596612476448668,-2.38794383846963,0.0937855949918052,0
0.953218037494035,0.880876744116736,0.630677368367711,0.285789262228168,-1.31643684645571,0.715902674996855,1
-2.80771107315206,-0.160093434846347,-0.0844612991417599,-1.99902538650294,-0.0189733824248891,0.190707386471331,0
1.4928697186305,0.326865319538084,-0.0269954877015273,0.117755663665846,1.44996935417303,0.570950430636485,1
1.32322675663051,0.3352594541701,0.0918209188038053,-0.187867413014312,-0.835753078156517,0.627186376311146,1
0.130442111046956,0.529133187216053,0.653437323549442,-0.271970480478278,-0.648276506497176,1.28171460290514,1
-0.602026561993181,0.548182108406948,0.861369350097039,0.0753930550927309,-1.20814901793883,0.641993722085437,0
2.56355891945331,0.727312559065057,1.80670676895723,-0.630701266774928,0.378037494979431,0.62313840666452,1
-0.649073200875919,-0.541077584906334,1.68490513417399,0.305082497239465,-0.905736036841664,1.33763990085572,0
1.23383224505055,-1.60408875664194,0.119220852432926,-0.537469689476255,0.422704799193172,0.797923541017081,0
-0.802985668659414,0.689834756818377,0.0698123950332376,0.0265927717814466,0.207607455423075,1.5344778335101,1
-0.0846267316036423,0.792929190478779,-0.504875437502778,0.100283488285364,0.970448614375388,1.09689071867615,0
1.38358754077208,0.00198449453171886,-0.307011361762998,0.67911996210745,-0.14009425552822,0.135161594066783,1
-0.315393720237125,0.0541708880333355,-1.0609189304439,-0.75300255910383,1.56389271247523,0.959813291457375,1
0.567558185052051,0.0373734462809063,1.39875300222478,-1.85331862407124,-0.819184464928162,0.110677568029845,1
-0.61320616629779,1.07907828276917,1.65342843390976,-2.84446553816529,-0.0390445009940102,0.707455780357122,0
1.42490634921692,0.422795065699866,-0.170706624283572,-0.63792690855568,-0.43578099556635,0.569314553677421,1
-0.305475808010164,-0.973756982086137,1.10256966726047,0.105877468389269,0.887236909754939,3.09897264448886,0
-0.228449272417872,0.0499269039190458,0.206982148354472,-0.468956645127108,-0.188715941188593,0.127838524372381,1
-0.00425951142708824,-0.400265826203063,-0.0169282580926862,-0.616414592170128,1.25690512498509,0.0059174383059144,0
0.623556279522269,-0.534759292273892,1.5230304038256,-2.02718495217142,-0.439268068655876,0.249683624497048,1
-1.18603040048217,-0.434806081882872,-0.41325157736878,-1.67338924219049,0.699762536014801,1.63892677924734,1
0.372112660320963,0.292446858280709,-1.37426215076447,-0.726556544066076,1.60901523198175,1.5122330563669,0
-0.23839906827485,0.673217876384578,0.628789995099983,-1.17249117266847,-0.374891371266185,0.0222671010856888,1
0.587905845734063,-1.10529885538503,-0.569626763871351,-1.66365482873896,1.48713963822227,1.72880227380438,0
1.04265929997882,-0.696500315505956,0.480681647819198,-0.723321277847562,-1.10002951308157,0.239095936314669,1
1.36995112597702,0.475438980500419,-1.14976695908857,1.4674229488687,0.703218081861924,0.0163716845999002,0
-0.198123616057302,0.575710632665458,-0.724534888730184,0.245997016042152,-0.277917169884222,0.732803741469979,0
0.15068692216789,0.192684799538912,-1.34444771928229,-0.498043112044102,-1.03396749348902,0.191659927847586,1
-1.07818646808162,-1.29419918524198,0.491940411037818,-1.43065045279331,-0.5629574694725,0.0261099021083513,0
-1.19316772097715,-0.217973757113956,0.222068624615039,-0.16707273410177,0.460830752526654,0.0913641055124246,1
0.0261397702537873,0.0972935566584396,0.519623410793898,0.133447798760284,-0.623899632156402,0.31928071094867,1
-0.639518552539017,-1.66752408312042,1.9244072838497,-1.66023712921598,0.530348745693868,0.932576104880233,1
1.01311729645654,-0.837566102366457,0.785099907986062,0.432928916421202,-0.827967422402388,0.705538947797086,1
0.866255485448719,0.250658988449946,-0.0284777352922806,-1.22347055633684,0.484745633005017,0.370094360362848,1
-0.415091063196921,0.195175994416093,-0.0980723440699742,1.04074148479743,-0.676695264685179,3.46797395321765,1
0.636013504921529,-0.35015367887618,-0.568455356226118,1.64088107817542,0.052696782698165,1.12647672200894,1
-0.143925197584848,-1.16672550763637,-0.74220243917709,1.27930445395709,-0.230487375034331,0.665329460054636,0
0.251482279974537,-0.177217314480451,-0.17862403554661,-1.12669964203937,0.263049576072693,0.687265439215619,1
-0.569203458682967,-0.664605726778214,-0.398064347268184,0.247783383763796,-0.963818634825393,0.935313264684792,1
-0.674722933484857,-1.04538158549436,1.90056447476039,1.12511750800058,0.569396692383343,0.0739102104050813,1
-1.70162377755388,-1.30892177209908,1.82205587135615,0.896964496471101,-0.164302908255915,1.82137482096922,1
1.20827381663767,-1.3178200210956,-0.915472992197585,-1.28500838238837,-0.645298715723221,0.683219115405721,1
-0.2145903610188,2.72841770958809,-2.58228519139397,-1.66609268485271,0.469549872330103,1.20178408033585,1
0.754706935629431,-1.08503821778945,-0.737171912450684,-1.40063310891738,0.640464108475662,0.224071598145313,1
0.149610672109904,-1.73488560021672,-0.550687763675854,-0.249127367560686,0.290290654314035,0.13505243366656,1
0.373666601578216,0.728352809263571,1.0928250579415,-1.18816912068968,-1.43293207104836,0.705034743629049,1
0.754810862160192,-0.372084182629004,-0.406238150304526,0.0920742550960332,0.332368001426019,0.445965240002105,0
-2.32977720551742,0.30791214020778,-0.870787130084782,1.16514985166865,1.04628309940734,4.59730716675115,0
-0.657736511998454,0.147390291188893,1.01534626389561,-1.07172479319449,-0.890195358450085,0.500127369718755,1
0.761431895293157,1.21258862515869,0.667426035642195,-1.53929267025382,-0.49074432208336,0.626344773529064,1
-1.13467433137663,1.46320440649957,-0.291446594811662,1.67014547077041,0.504462478478274,1.62608260086456,1
0.678660011414884,0.660656271422735,-0.107125672189491,-1.37968921474139,-0.635312578558623,0.119384629667608,1
-2.0331630086454,0.010229469599998,-0.63089283505587,-0.735500851261543,-1.12257132865509,0.717313825152814,0
0.599048215333206,-0.404855642125862,-0.264474282451516,0.517009663036512,1.19392408108848,0.0566264354672337,1
-0.348965916560794,-1.14823362063709,0.844936226131878,-0.487233935074931,-0.648287358222755,1.82591552885771,1
-1.20231430583585,0.497270904422016,-0.759646371181233,-1.49375765196094,0.335407047925348,1.33315863087773,0
-0.677161546396777,-0.461174616549123,1.28675384535931,0.699296146717819,0.842149003149276,0.160976613871753,0
-1.31028673048855,0.504637808778417,0.748675541410162,0.141963561348873,0.514372910241154,0.685776304453611,0
1.06797961865735,-0.334633573650079,-0.959242785146943,0.216224477109549,-1.64624704525121,0.20241120380652,1
0.733837841142768,-0.536884313944026,0.815646319376365,-0.224514105747594,0.516263524876283,0.254849758958749,0
0.599748831117433,0.0479363401670697,0.508620285887468,-1.227983324926,-0.410448648887776,0.887569989654941,1
0.783758397264237,-0.0429475498951936,-1.43257195051948,-0.192859682125605,-0.260605174333138,0.0129850060668787,1
0.0744463691603463,-1.57736833596621,0.173995792058819,-1.2828926061264,0.612392420048607,1.05952318095872,1
-0.04146363883758,0.184001551888551,0.393744879769209,0.972364404579714,3.14406200412431,0.382611691297515,1
0.15533477433003,0.15827777549096,-1.56432850235928,-2.19999493925773,-0.743877842943264,0.614585451373449,1
-2.10913427785524,-0.437802748448696,0.567175308620337,1.75778457755094,-0.229669660602518,1.01970793494757,1
1.0301835778705,0.377846171427787,-1.9438451433038,-0.0407507157108067,0.798108514943858,0.0966491431531054,1
0.0963910164411991,-0.606804862366297,0.17607622271496,1.38680792958688,0.460254651789632,0.368389641366524,1
-0.67251699297863,-1.08068350488151,-1.67236294547881,-0.38110762670028,-1.38768226162712,0.345370949945651,0
-0.473240884286513,0.326665760590711,-2.30623420361025,-0.379631244287476,0.640812679859477,0.435819639824331,0
-0.28664998323564,-1.79176368380259,0.250539711428774,-0.0862605543000911,-1.25071333277987,0.0330141749614603,1
-1.36131131309876,0.710574590183383,-0.769216668441337,0.860256382216206,-0.0745908223830103,0.583561224255266,1
-0.334382549940811,1.23440505517356,-0.536600831062025,0.782149437380823,-1.06608347888795,0.958863194472969,1
-2.6940950732603,-2.27337134860882,-1.36639916153711,-0.984167624281036,-1.58014808301535,1.14981791739818,0
-0.492341751339415,0.917507579464461,-0.40095321175727,0.0486088899637,-2.03971207459052,0.0293159335851669,0
1.13455788968526,1.0355900631157,-0.607685699107301,1.15418543956931,0.261972961310298,0.321714335325321,0
0.048363195395752,-0.838692228432004,0.603680401513756,-0.251469087499083,-1.23404270305214,1.29255365532498,1
1.23324143934476,-0.713282908136057,-0.72377983326459,1.42595169605492,0.2419058866952,0.558092045997917,1
0.00208612479584,-1.92804254279551,-0.535843907298316,-0.435061955052378,-0.514601300652221,1.30930777709627,1
-0.982542103518987,0.739228120377279,-0.229903308006429,0.0703531843617389,-0.152669558469732,0.574520747130545,1
-0.14597244131214,1.08929116182375,-0.846197283227695,0.317437496039614,-0.332015790957394,1.35699792613643,1
-1.14022310142289,0.541902484887139,-0.860187998207628,-1.04721176583809,1.29645391292449,0.73025469481945,0
-0.371164851285641,0.863166129710657,-0.00306713590601665,1.05343535530766,0.174401677112933,0.152230316773057,0
0.774372090709497,-0.211995057795791,0.127503106939235,0.0115643591459069,-1.92115463851607,1.1559016048619,1
-0.20129188360553,-0.0855693165108431,-0.344531248297412,0.891746919131909,1.02675899772969,0.0453823398552282,0
0.419938812534952,-0.8313774770429,-0.451869579497358,0.0092069246317591,-1.61670045572284,0.937706854928128,1
0.691113941343399,0.955222397808332,0.313005495548454,1.29416016588391,0.531947350715602,0.00581458500762936,0
0.553026987705803,-1.45221457472036,0.900151377362261,0.310958491538077,0.0930176223611097,0.600291588847275,1
-0.356234897169874,-0.121853926286217,0.201058862153784,-0.643271385008962,-0.618806152832079,0.254038575028884,1
-0.538517391517124,0.21719036295554,-0.624613059129291,-0.211271077701318,0.325096889133923,0.322535652667284,0
-0.841606568004949,-1.49413983637975,1.0828276933015,0.440515547562732,2.0249298715247,0.0653430932051449,1
0.239157497170835,-1.16899309380894,-0.34672289334987,-2.13435718446204,0.00859200616477806,0.0795847998336976,1
-1.04478156628859,-1.26370114543609,-2.11602696336198,0.907758417312019,2.00077988228563,1.01134424284101,0
1.23743353268823,0.451273806341854,0.968291022733669,1.35918262355003,0.210825557941328,0.073019227184306,1
0.481752908565326,1.61466331094459,1.69551385237639,0.422848928587925,0.485127273187571,0.117048451569783,1
2.31825668764524,0.0882414136733864,0.0312772119630528,2.19878716079369,-1.43579594679423,0.213727583934132,1
-0.293350012547094,0.537095021219105,2.28523765941322,0.396199015183311,0.605986486302899,0.934211560564593,1
1.58700491475734,-1.09184575570357,0.234882517523448,2.40773437877718,-0.99300198718511,0.0703087862172332,0
-0.453966339692176,0.254672509587598,0.40370705936627,0.0266977254515176,0.259770752149815,0.232180630037769,1
0.242958536778281,1.501185666772,-1.70361657724929,-1.07990474109081,-1.74285722011313,0.0978630803030667,1
1.39471536956117,0.768380303800978,0.392442649908293,0.445357343568747,-0.995914525871185,0.0199673855677247,0
1.36598754917064,0.469962948231549,-1.31926494272562,-0.0129901421603916,-1.84458236691084,0.264082902163929,1
1.68861701051452,-0.66656611645984,1.01689724320832,-0.808855523087489,-1.14717891002739,0.151361907347396,1
-2.49090666258953,-0.413327461608632,-0.668729228006237,1.04647793549436,-1.06463535487613,3.03667629007938,0
0.327883297343604,-1.84307872331191,-1.90679344703632,-0.603724419098833,0.791491628161444,0.52442803494241,1
2.67128852522041,0.308372567426871,0.98080861104397,-1.52251707514419,-2.0472741176772,0.404259210270735,1
0.650845555324289,0.555811049795088,0.477463988403214,-1.48940928617964,1.50576773048645,0.385582634873766,0
-0.713731863387026,-0.527376009778786,1.0570098124373,0.500650832132059,0.887468877016945,1.09997749794275,0
-0.933458048491709,1.28738441481126,-0.121227929422212,0.519666208796982,0.463143043519641,0.0402515828634655,1
0.0629250700737559,-1.36412915981947,-0.616005423547537,2.95545863238745,1.64618327893765,1.09308825798936,1
0.390900909152181,-0.99650461751247,-0.0566491386780778,1.51525385222633,1.74879206077256,0.576645242021646,0
0.689978292037184,1.02548863273168,0.0737355756892215,-0.136124940610889,0.187613818532808,0.231701708118528,0
-1.32051385086142,-0.0539214981282144,1.16931900668456,1.08556944875149,-1.30568752300108,0.0648736711138595,0
-1.08019798690736,-0.0114081924908714,-0.375906206264047,0.282946048504182,0.502197027704062,1.9042861546652,1
-0.186094203383011,0.287012769749607,0.113735631210437,-0.00728693024433001,-0.877997659539356,1.08977397122977,1
-0.64890885743475,1.7487789848344,0.338886861036168,-1.35109491453014,-1.02830995189245,0.86956223563635,1
1.33732098463795,0.744741784735056,-1.22884284910703,0.292301593398935,-0.0125081926910975,0.558680390337969,1
3.25861976008803,-2.20971991719703,-1.59373140028378,0.540925054899596,1.0272705737954,0.614322021725723,1
-1.04236100234044,-1.23507220398148,-2.08383557237867,0.079225021400351,-1.79595221252828,0.239515339341262,1
1.80656387056807,0.321140368772259,1.54523657101959,1.64080509957837,1.1283581192243,0.672336519121075,1
-1.33836842794473,-1.32480120295394,-0.37382694219116,0.966212549369656,-0.768726911152956,1.56575452922315,1
1.345925821749,0.0815689848261016,1.49869004501145,1.13550437450389,-0.679714897995607,0.0639558711894863,1
2.10374152170891,2.1202717545314,-0.18895239816497,0.224122329588978,-1.03470816012075,0.488106144907568,1
0.0695991299051837,0.031461118352856,1.64500264427409,0.276978083134909,0.184698991191456,0.282034409232438,0
0.343274589903145,0.427781966107633,0.870980014014302,-2.27184418837645,-0.59495857110396,0.396337279675325,1
0.453133356053349,-0.0308370857840614,0.0750645178193621,0.539279931667109,-1.54920119302912,3.31756061093292,1
0.259053675969053,-0.935898936140726,0.434318279858692,-0.294960871541379,0.792129924352604,0.075650792568922,0
-0.741371082901177,0.851473045891582,1.26430311625462,0.296585288422588,0.876551034409309,2.59763538270238,0
-0.564479247771446,-0.987216388669236,0.685928422733904,0.0208354999033261,0.914028895375952,0.136545915260222,1
-0.327166025722292,-0.23026263071729,-1.19771660229333,0.407588705628843,-0.138469868347295,0.0071311742067337,0
-0.0527093907068341,-0.385325518223198,-0.516914847311407,-0.674775728640834,0.181625234869488,0.684933537481879,1
0.0979551638043392,0.067751974953438,1.42255671799944,0.666060663943186,0.435036489491131,0.119616292417049,0
0.599638303617371,-1.16154468778165,-0.986762849264601,0.129032822708439,0.150194796104075,0.027919977360358,0
-0.25874581499346,0.700192420066912,-0.0743316006025911,-0.942380209633404,-0.00404857875296349,1.60528326631399,1
-0.201912759744636,0.417988483801152,-0.468653749252425,0.41645269419222,0.690919445859847,0.0363479561954233,1
-0.64315752149141,-0.351118023314813,-0.816007382235813,1.07891395522874,-0.667666006473939,4.3817894404517,0
-1.05792555008163,-0.611904187332845,-0.030047857308191,-0.737454734130922,0.953155140567684,1.013990662992,0
-1.14542884815137,-0.0314205615488478,-1.42092774646177,1.93201180858838,-1.81024592138161,1.67136107837738,1
0.558215089734873,0.471275811922313,-1.01120325614056,0.129939518773193,-0.632385236993926,0.533358487588888,1
-0.873499400300542,-1.82846693952475,-0.741299127505494,-0.377178153196036,-3.03010658156155,0.319800318190629,0
0.911622629857883,-0.533893100772343,0.709156817758784,-0.0988745416140284,-0.1540553182287,0.00605658709991074,1
-1.12989646333388,1.56160730925481,-0.454277208524586,-1.14312420427202,-1.89157304745727,0.249409230598461,1
0.221661502477477,-0.477682820297273,1.36342235427771,0.626947446009414,1.44894498806335,0.247908226214349,0
-1.45914519151875,0.122977835085346,-0.276312927860715,-1.70254304860651,-0.956284876715758,0.338038996440428,1
0.870706783811878,0.11344457711337,0.661831603413166,-1.1533030256512,-0.814384970286239,0.727775208624032,1
0.109805975666782,2.00356203057639,-0.0746480234419224,-0.602945841353418,0.168366336690904,1.22251773811877,0
-2.14656582608751,-1.30386602640143,0.857751128244617,-0.466319852988663,-0.55948892810137,0.258360548397232,1
-0.361157945117694,0.193563379133571,-0.0579342058733832,0.000458817873176319,0.348171940112199,0.55704949485246,1
-0.0195290288580347,0.801308921169228,1.37400376318913,-0.781524076946898,-1.73215269459747,0.766179243667547,1
-1.27942358718631,-0.796009370524155,0.848675282295319,-0.739912042735995,0.785211858914277,0.860650597140193,0
0.953475122936261,0.738603167507871,0.948534468899042,-0.0536712177486044,0.161477779163219,0.428374257019266,1
-1.37948341744617,-0.242051582971988,2.34676094417249,1.7694037186447,-0.688879402714873,1.56668606019559,0
0.122562795558669,-2.1177743244398,1.11506442848171,0.64035066289267,-1.69951752839925,0.389320772228482,1
-0.157735877557905,0.179736896484447,2.21936225717694,-1.46729047182264,1.58716688716427,1.27127153643153,1
0.0888022264795107,0.524360915108539,-1.43964115651172,1.5730255394935,0.182208258233714,0.0323898307826311,0
-0.0108540704974681,-0.480381420903796,-1.21430866154855,-1.32039334913214,-1.12729048982682,0.832547202911541,1
0.968699703438126,-1.49602468267118,-0.706449204733733,-1.37341504840937,1.90061989998423,0.224610321223736,0
0.870615141625543,0.85845702586236,1.20303544581872,-0.0162087920238434,-0.695125279272695,0.168881442208169,1
1.46050216295789,0.343065856084488,2.19815220649429,1.60500432983768,0.593244459393705,0.191813254356059,1
0.961552355910078,0.145117561063366,0.87108728805283,0.401432308375874,-0.181895795967126,1.1938816095946,1
-0.894158831877324,0.391519495535227,1.39913001920968,0.735719476417525,0.629349017905385,0.130562105216086,0
-0.816978095750127,1.03494609896658,-0.124021716596798,0.123326120680254,1.00844560772644,0.0807206045212241,1
0.959720432325295,-1.22260900561757,-0.852258758290445,-0.0267890554740515,1.54271187352729,1.09393788711312,1
-2.39408898760577,1.07903037778241,-1.57140670908601,-0.0834118702388522,0.184765305202794,3.85634189116704,0
0.954789939571827,-0.677180893449751,1.76847222616648,-2.98540258790116,0.256878624103979,0.258042669977811,1
-0.18939197324785,1.21810160543477,0.152885672497505,0.123365996964028,1.47296881885221,0.284972350411567,1
-0.889925549971756,-0.279086359074583,-0.341787819577355,1.7826534004779,-0.359055036180727,0.917939816513654,1
0.754384232786321,-1.57204651393295,0.0218262497227261,-1.21343855654527,-1.59646727090542,0.173616078946191,1
1.02438167839374,0.910706114055257,1.03579222678147,2.12529042791729,0.284586287279835,0.0867031815191472,1
0.495649820219501,-1.19254103751826,0.110004705690674,1.5278740755336,1.02512528669783,1.18975923984482,1
0.51858745876652,-1.13458589921213,-0.740587317530066,1.26803606404353,-1.44915517122676,0.0449505051841375,1
-0.422202884335412,-0.50553166432644,-0.510655003164242,0.191806405851771,1.41747467303985,0.389151700845906,1
0.863112811422716,-0.117723698437954,-0.912366024338072,-0.0699430300798356,-1.03530032484004,0.556806490486611,1
-0.77792222397266,-0.952988201954101,-1.29296799063536,-1.46850497012172,0.0853323179089133,2.9245725163764,0
0.147913267697822,1.18370898886118,0.905111321409928,0.0480252726137487,0.245068307617246,0.56731790785301,1
0.291443402851548,-0.390379245980469,0.56746924942942,-0.153760989381963,1.08488196538858,0.544670237941507,1
-0.870592392531616,1.50555373328108,1.95645260358504,-0.809725417531945,2.17262956368695,2.08651547950166,1
0.407185801302494,0.349418256000131,1.40303868337846,-0.433346776726229,0.448574627043928,0.271713259032393,0
-0.0720134782063467,0.232126482724169,-0.251039761295934,-0.291141088989552,-1.29749592418531,0.356809501814665,1
-0.441539340977888,1.31105965415954,-0.716077350180925,0.938090578020912,1.11561089355419,3.20010177401786,0
0.677809957237227,-0.874122838665232,1.31296057140027,-1.20340085184282,0.292995287814412,1.01257983868729,1
-1.56435121397483,0.685194811118385,-0.578232930529871,-0.0873840368716245,-1.02665568124122,0.416398963415551,1
0.321957409449957,0.105113789679736,0.884134779260951,0.250884726513642,0.493001137240209,0.249100320863923,1
-0.641134555081569,-1.52134945330932,0.214414593129791,-0.708516362306501,-2.32692898276757,3.09794608120258,1
-0.692460895056852,0.121001919329328,-1.49061777388034,0.554054097332264,1.50275754126325,0.101898785680532,0
-0.682229575034754,-0.287101840421949,-0.219010180315005,1.78313812417223,-1.39752769844602,0.292926844981263,1
0.36586859362163,1.0445371039051,1.21690191771704,0.127832519260833,0.2540426610725,1.30995255140598,1
-1.50267376461034,0.573582827460141,2.23420296913617,-0.556895276026036,0.0856346163220991,0.484886996272278,1
-0.200388284794687,-2.02401402252313,0.504357019784727,0.257048256324804,-0.526695547777227,2.15179382684512,1
0.685793677560333,-1.06142832163082,-0.475674064393897,0.287645227912096,-0.365722833338498,0.317883934825659,0
2.02362218831182,-0.408888282561061,0.603412013099326,1.19696024438765,-1.01807004890102,0.335153001810708,1
0.163081728099128,1.098443464793,0.454950986504933,-0.34054531240759,0.25936255411934,0.931756603810177,1
1.0644624113802,1.27611973382977,1.29835273344887,-0.00336131438966048,1.82655266135045,0.406133388739043,1
-1.62222608607397,0.640346098154367,2.09456290057311,-0.173628760465144,1.0240301106488,2.26548570598446,0
0.0509109618405673,-1.29657909963475,-0.680316205559465,-1.10730552100805,0.151995768368296,2.95722903813044,1
-0.235758666070428,-0.269725572231509,0.1590428571979,0.830055494494244,-0.35687657287924,1.71853611766536,1
1.52814875289911,-1.0604957979546,0.334196047670157,-0.248985798447966,0.504418912476491,0.0543950694843138,1
0.399733953516431,0.383289247653722,-0.79546375174197,0.414005913964946,-1.778423588539,1.57570498464498,1
0.304002178205395,0.840983619075512,-0.81687504297379,-1.00898408041368,-0.695066512353577,0.766325335530138,0
1.95419957283235,1.86670078960463,0.495429781166616,-0.0260263735046815,1.59320585140464,0.1330495564024,1
-2.02877014382737,-0.17138586487776,-1.00169903416162,0.612513595120344,-0.781703900107367,0.583284715528574,1
-0.777368075960518,0.45507093824251,-1.81658391037071,1.16992210467413,0.460305006897174,0.167537268340829,0
0.597766705338645,-1.14775416649965,-1.2711323444448,-1.03838223457725,0.225607531778604,0.0600470720035709,1
0.65513541321072,-0.147501249449077,0.227898539829966,-0.0846268001274076,-0.891188021892421,0.177914783831574,0
-0.226067693632382,-0.879287146767891,1.52042859582009,-1.36953350489632,-0.843099247480178,0.381070678451263,0
-1.088794019064,-1.41684091533983,-0.112977939141819,-1.75449947895507,0.703321533512907,1.86203480130973,0
-0.0898245420001791,0.293783638444066,0.30013737685782,-0.713002613072403,1.56305791235282,0.534172356918577,0
-0.417708665372439,1.36018857297557,0.477961414829704,-0.941691663065936,-2.25144704936509,1.233243775554,0
0.769436558648439,0.403071911758411,1.34624800978844,0.641770115329401,0.208442507349108,0.324846072975983,1
-1.11239350757905,-0.583046175239095,-0.360738307181741,0.791402161251715,0.0528501391848456,0.917677303776145,0
0.369530965490374,1.58225102399389,-0.994529930894454,0.808951282267947,0.491512755801433,0.695130529203107,1
0.483502341771359,-0.180857337390191,-1.63458882299354,0.0192595738155885,-0.173554721222983,0.578434552167784,1
-1.49490362486864,-0.659740692111851,-0.460949023330443,0.30421804942622,1.20632838406019,0.42860185684154,1
-1.91690214548444,-0.820814055061515,-0.71417178398776,-0.0871950912954729,0.19066034333642,0.61348822619766,0
0.0367883384517496,-1.85699884119149,0.384937279461428,0.173175231446911,0.0532380866907499,0.732562087140451,0
-0.315073497696386,1.45284168099869,0.799306627205629,0.132858783696197,-0.00391428272075825,0.552305917155752,1
0.87118205047581,0.636709688062599,0.839935127373128,-0.869155357901765,-0.143666632311257,0.739368203174147,1
-0.824322873773086,-1.0646185281006,-0.118473282044038,0.154856409275556,0.126915514169693,0.0311101946176146,1
1.30628754806652,-0.462390219431087,-0.604735081685801,2.40468727062408,-0.740814081889553,0.0621121392895864,1
-0.62983498971269,0.44861302006355,-2.28805418673839,-0.692304159578952,0.981877563833908,0.0845956411212683,0
-0.720711256442567,0.479980120079604,0.569887561430081,-0.884176296161004,0.562834415675393,1.23747701849788,0
-1.62103433757088,-1.69142295619192,-0.20477779888889,-0.281309873790438,1.89500049282933,0.448525559267333,0
-1.10736963956943,0.478041544506653,0.516296597442055,-0.0295052258695007,-0.531689584096523,2.00755062424386,0
-1.72594422006634,0.260905378752761,-0.76444459601408,-1.75834486576265,0.104234187753789,0.289200486253523,0
0.514757697699489,-3.20136465524387,1.22296568234453,0.0553405398421406,-1.08190642250728,0.878411923535168,0
0.999133372724169,-0.71648563524069,0.639788626720262,-0.932965858347892,0.50795455342185,0.0150024305360906,1
-0.183496670984242,1.04199322416141,0.940664502415073,0.919657305851184,1.64698612513899,0.145268671264763,0
1.4643625742522,-1.7168706468079,-3.1168958401298,1.28937886890616,0.205030609289647,0.48532719390507,1
1.83096472606535,-1.10284677748196,1.33479199725451,-0.152880568766968,-0.231592155866941,0.27117583528161,0
-1.19998677397732,-0.438963789740878,0.538425586403191,-1.14643829236603,-1.88703405208033,0.0372059283019757,0
-0.178452829175099,1.35043170680333,0.101543178360734,-0.6519550886492,0.615395284705207,0.519574733451009,0
-1.30519120682487,-1.15749668476124,-0.149318172399716,-1.576900718484,-2.0252879581809,0.104175020009279,0
1.61285985715264,0.844073338622788,1.03607274468199,0.993592698548468,-0.580144120284898,0.113605597987771,0
-1.60351832012293,-1.45882711244754,0.596616919971401,-1.88215838449669,0.859848242016092,0.457767301239073,0
0.188005970266287,-0.444426742007758,2.47069635005767,0.203204833876308,-1.02320562403577,1.07812091725048,1
0.383087819062209,-1.65990695421187,-0.943255688504263,1.16307372888148,0.171855201305154,2.21329257014288,0
0.0143939075554925,-0.260809088647365,0.0405301929527071,-0.331184065172949,0.0654664121437584,0.346899067983031,0
-2.06674245529613,-0.497001227224589,-0.901501476921945,-1.25384470312096,0.702036247132953,0.00354505330324173,0
-0.0578062922384268,0.614599397989176,0.13554275266175,-2.03837067585949,0.992917005929819,0.0220587637689728,0
0.579978249497859,0.539982778185245,-0.681564177113797,-0.844576470885386,1.10985880797112,0.178829208808407,1
1.68929036942979,0.259597402180978,-0.602926890326647,-1.34590615836675,0.0852193089053052,0.185063887480379,1
0.906331337770805,0.560272657638177,1.60188363738917,0.5037649734858,0.764869943082453,0.0519224606000732,1
-0.46938564627222,1.5552865149659,-0.521042645887862,1.73232549304052,-0.00168368169025069,0.114644398912787,0
1.85969608287307,-0.0659366510435841,-0.121868939854114,-1.19647769775016,-0.843563574362337,0.825163236242775,1
-1.04299028695566,0.305563173602883,0.00345911881242014,0.378252649227385,-0.681218570241697,1.26005993473671,1
-0.231602505291259,0.393540413078874,0.111073134044855,-1.54694874449,-0.188816130962343,0.421424167230725,0
0.267161400061921,0.708522278177679,-1.61238394658311,0.242935574094321,0.322738439836349,2.24739724750777,1
0.662495676058359,0.193521743122217,0.712603717536679,2.06221466908402,-0.994739224420477,0.0655263876885439,0
0.52741158927979,-1.73738548250693,-0.19299720621367,-1.15152844934098,-2.39209165470864,0.0638420264218795,1
0.380554439137652,1.39180818495177,-2.59741284590653,0.451032834165761,0.856773488613091,0.282832906720403,1
-1.73589480466967,1.57930776440417,-0.0380135799429604,0.318092769581133,-0.212237711405447,0.0265285332005917,1
-0.509746861482149,0.61554528945661,0.922315334203715,-1.56784783627416,-0.836143899768117,1.15315537936149,1
-0.0535636638326863,0.969316899711079,1.43542338900181,1.48585654297318,-0.87584344024639,0.693637719315509,1
-0.63612420602992,-0.303904942054465,1.14243028224857,0.729480549814283,1.14231817933655,0.7564193673802,0
0.0274626204181968,0.91844405610104,0.0493375407201787,-0.78590638449919,-1.7273704244409,0.343387854285538,0
0.131603033382532,-0.590171162160136,0.559461207331538,-0.862229092473914,-0.0523352402366666,1.52014015553565,1
-1.22896032311075,-1.05108593391014,-1.07625905535061,-0.322967487757763,0.564491563548061,1.5810182186866,0
0.162966098106985,1.24853022150528,-0.86740641629235,-0.176310993928412,0.0753913270682403,0.361221700074328,1
-0.831836061374565,-0.5001916395967,-1.72739147437046,-0.121318106322994,-1.74910483527288,1.00611620116979,0
-0.964357709081403,-2.14920364754154,0.271466683933822,0.104507433860467,1.34579188867332,1.21390259246022,1
-0.42136503285049,-0.169662919299107,0.334828484213004,0.537574703139644,0.609762133609903,0.236468867398798,0
-0.68815169569571,-0.33507513774338,0.421736345957629,-0.388372880025926,-0.672345837126318,1.88087102576139,0
-0.809081795796236,0.219343368382874,-0.899670473372667,0.518627189476477,0.574861818687986,0.945240770466626,0
0.84542737108708,0.808266980779402,-1.30984238181827,-1.1847221906025,0.191154295696835,0.894887656276033,1
-1.56224705486403,0.650228171869741,-0.652178449438069,-0.00656379775974878,-1.017921604866,0.00703923366899222,1
1.56102765557778,-1.04077172730555,0.938398685136816,0.0903381585215716,1.1421956942483,0.506206979784763,1
-0.916168473755756,0.734986309707345,0.0281046724327283,1.53218463414237,-1.47304192226859,0.0942479558289051,0
0.0827383565636337,-1.1865942638207,-0.414807417419649,0.556879675468388,-0.510451090157137,0.451102438097778,1
-0.177606357423578,-0.395012074848735,-1.04828047455112,-1.6739268908852,-0.227600000139976,0.158920875689684,1
-0.885505142216581,-0.460525380378012,0.152320457505326,0.209867806752188,-0.128557976796124,1.20296658203006,0
0.728295340230938,0.103308258392159,0.0377438804458298,0.825429875906428,0.328301804353945,0.138574273294564,1
-1.14545777082718,0.820645024156962,-0.0162527866811481,0.104073878108416,0.0742141384369575,0.213202887941316,1
-1.14558211899254,-1.36300914894028,1.28653119914835,-0.108350084436332,0.029602447629424,0.683891949968588,1
-0.0606892945902567,-1.81879056901672,-0.0811527061017513,-1.11871871782259,-0.922665590418078,0.358799902898599,1
-0.13481394877547,-0.335762997000208,0.116899728843371,0.36994724594632,-0.205205342614706,0.415835503312623,1
-1.03560691914028,0.318139000801962,-1.27358752626833,0.0721265788780338,-0.820069904518555,0.175937466436836,1
0.102070675583708,-0.161902842864945,0.0119568092513604,2.50209043514201,-1.41047039658364,0.0108963781514727,1
-1.42001359411781,-0.703395612075016,0.258774474490712,0.432154742270317,0.560117462035878,1.43673165627788,1
0.691304656307717,0.355830753934308,1.20806421968167,-0.175881503338039,-0.0871925917095183,0.721403232874122,1
0.870417771492414,-0.106498716001646,-0.801672535423732,1.60597561009735,1.18613850596905,0.243725298683993,1
-1.87379071774664,-0.327759366847418,-0.274793966688875,-0.537476660412985,-0.609422411225593,0.046384305317515,1
-0.654960976039219,-0.274630645546689,2.64516491227865,-0.948210890653719,1.3004963825512,2.80138649108948,0
-0.816537894506374,0.408792369624319,-0.842752297891778,0.669566181310921,0.723128094042564,0.952187498103674,1
-0.320424233497396,-1.81353996793551,-0.485208805946722,-0.394049999683277,-0.137048261860363,0.668847112915832,0
0.663442096237148,-0.218068549235926,-0.397534207159751,2.63218752497661,-1.01781514445706,0.252817853401317,1
-0.133264380689555,-0.739439476443892,0.0749302745568982,-1.30630624583221,0.998133933563287,0.75359045395501,1
-1.11464002878679,0.259463422550427,-0.336335797592635,0.29301185210884,-1.87646402354592,0.119305485512484,1
-0.626367109455956,-1.09670008854252,0.478424877329387,0.341539542695692,-0.742986957694991,0.685768911244456,1
2.15723891378165,2.23900756052709,-0.533410093683156,-0.308448516616337,-0.60528942231645,0.0573145141650187,0
0.0435185658818409,-0.055139128329591,0.948006332967187,-0.136323135660975,0.0452987825570578,0.0569960263303087,1
-0.335430418112456,0.527795037195689,0.229335487761161,1.01355783054189,-0.397807887672761,0.120107394532964,0
-1.16265269112141,-0.7132965700267,-1.28736315529266,1.02216028035059,0.270451042133266,1.70242653964999,0
-2.20127487974708,-0.822307637500674,-0.89536998895884,0.806392569952144,0.809026948326303,1.0179715231061,0
-0.477760136400025,0.365792815412943,-0.0353140585724532,-0.985519449512473,0.229292434364605,0.440221082189208,0
0.268321202799332,0.208479052368212,-1.13282022583529,-0.598828643010974,-0.774768332498122,1.78645312553813,1
-0.106016287690706,2.15972086614175,0.196763927334129,0.324702236075676,-1.34555982397869,0.137211481575906,1
0.380515259013704,0.151709951036427,-0.198527377043268,-0.923359470009758,-1.25489018180174,0.0837199781090021,0
0.496351621560215,-0.218795075228567,0.698817616094922,-0.0787555487897734,-1.65991259644356,0.224011928001005,0
2.59002284177884,0.498845555886258,2.11935381185822,0.000164361882984105,0.137167009503486,0.351243428987266,1
0.0538748912198613,-0.460914012884323,1.63088985935013,-1.57709429365718,-1.78491716775435,0.530061073518533,1
-1.2857942186271,-0.8282056540681,1.21228989541954,0.26906750808682,-1.34775465552943,2.46762761278989,0
-1.02419923212688,-0.539226704441028,-0.516567386865597,0.264912963430195,0.258690946161297,2.44092691861983,1
-0.55512012627466,-0.124432584036326,0.337494069537114,-1.08133293470567,1.88884958942144,0.971027795128118,1
0.26173602592113,-0.0927022287041622,1.23737443234654,-0.561010288644866,-1.22645876232511,0.179503949359059,0
-0.753847786527422,-0.792030944339559,-1.42237601609211,-0.656282281312888,-2.23917565402552,0.0634197182428604,1
-0.0531759352315883,0.711269829009877,0.907252761197844,-0.0198767959279892,-1.99028951888688,0.545549624599516,0
1.25764687299473,-1.74479361823623,-0.891558794485399,1.99536643786502,-1.12882278446396,0.0938931543117867,1
-0.526972746244799,0.0747488471503738,-0.231959780666875,-1.54500391207094,0.669088470905528,0.23057870850021,0
-1.05602640752735,0.479657711094308,1.12566132471373,0.544362377990423,0.941319762242628,0.219252992286796,1
1.63106038979986,-0.486364637437721,-0.788580314036082,1.94089196777934,0.0995886093508861,0.261361021209428,1
1.10808602218237,-0.778233919806494,-0.201687012654504,-1.09850039399857,-0.556798120327221,0.215322210893049,1
1.14079384757893,-0.0986319410533644,-1.58038325549217,0.958550978662213,0.614246359283272,1.42970328557654,1
0.02211519193949,-2.00158550545945,-0.109787725525635,1.34847669641851,0.152952633550792,0.0734595936182027,1
-1.37042932831183,0.708423551214197,1.4837769970509,1.71808009960388,-0.563756953672093,3.62032999826555,0
-0.137987822598009,0.129430622066986,-0.778967195626045,0.386987322247077,0.241664126355356,0.3778021838516,0
-1.0798236549782,-1.78879103034279,-0.869990291720491,-1.43766202284748,-0.792549147238429,2.69148512362483,0
1.6668761527445,-1.93685936527108,-0.528178546697123,0.102086507340709,0.34925664564089,0.327112716650341,1
-1.57215817127368,0.408595539053987,0.650292347086187,0.619390037795223,1.08997565048688,1.45161919154729,1
0.558261873950351,1.94514248842924,-0.610899786907505,-0.776714017541554,-0.287503171839855,0.434446825645864,0
1.17430260980983,-0.0828750959582418,-1.32165737325699,0.589702540332101,-0.720139950217946,0.236872812474085,1
0.383195355155631,-0.653796504917181,-0.144071748845437,0.601460632332977,-0.871972701434111,0.0021086883863598,1
0.680474340208973,2.79527441016963,0.0477137631400564,0.659119161387878,1.33185496164399,0.332927821940903,1
1.0441340535647,1.4484581277308,0.106391032715845,-0.229754401151881,-0.570950200901941,0.105168837229831,1
-1.13704269431598,-1.54499575318111,0.851243932048888,-0.865645025846156,1.04493570181968,1.00625764374697,0
0.103548025257003,-2.44453584781801,0.827902503334073,1.21536381693672,0.414892177683617,1.31097254217808,1
1.64305743954668,1.38947958350889,-0.326670795488386,-0.283096596096351,-2.01708795028424,0.131371473083306,1
0.263373732750674,0.968107499217843,-0.366225605875364,-0.788533050901691,-0.04682703060055,0.617313428162834,1
-0.000996574971707243,0.959654851546436,-0.525533698977526,-0.185031343955083,0.289799583441212,0.965607361308952,1
-0.729912674357857,1.27374181057952,-0.0658871040446734,-0.0748170976809347,1.37426084575723,1.42180268721582,1
-1.45680534062747,0.0398936541545959,0.981106991783941,0.0350117176834232,2.68130135779045,0.210188124977468,0
-0.653728408186936,-1.37283222132656,0.250565336199519,0.770699114651476,-1.20023168333593,0.549926056095073,1
2.45462831837841,-0.0209531926592596,0.00491391794256474,-1.47418337963269,-1.67132508238038,0.32220174763726,1
-2.39808837274141,-1.22524294080162,0.232235583282488,-0.559876949061239,0.0329007197930377,1.5880145522857,0
-1.56785080984389,0.440394623737363,1.17188851936578,1.50289211988109,-1.61977802397149,1.43488262585344,0
1.28825778255194,1.53990016959977,-0.441677105923259,1.90029804466013,-0.891165622193544,0.69933075291775,1
-0.978895635217498,-0.823274630625545,1.10396634940263,0.119669923146831,-1.4457786294403,0.158474477822594,1
1.85690597494091,0.213109476186204,-0.407052285699533,-0.419930530765665,-1.33424684848709,0.145879437538507,1
-1.38171475786672,-1.36514828172613,0.990467978827316,-1.27960284497044,-0.803846798619569,0.276961063838658,1
1.02890337433015,-0.370157092010003,0.171669540776905,0.513020908469157,-2.09495460425781,0.0725734278044455,1
0.488833318322191,0.724925972857357,0.374696929144525,0.339906466951077,-1.38780447069985,0.000303135128704223,1
0.241670152366367,0.681730146697928,0.103452043144144,0.782600913517711,1.0780884586714,1.18811085669258,1
0.642330960413755,-0.320468220111746,-1.67259149929864,-0.324480586664842,-1.31211802790209,0.0718559944521081,1
-0.553691196091885,-1.19568096623926,-1.52528593394156,-0.420037728983671,0.429070474669764,0.942076128675131,1
0.622012695959401,0.333198477230698,-1.63905261457417,0.180201235508269,2.28327094624116,0.703217711299658,0
-0.120290673932501,-0.829150191744014,-0.140673053638503,-0.983032246197832,1.15109141843449,0.952903016918963,1
0.295193522939932,-1.50207263226865,0.24916221455859,-1.97948269406114,-0.420509671258004,4.14186309298463,1
0.311819521434589,-0.1729125953721,-1.4995558191094,-0.599061966371657,1.50642820363892,0.334634208152929,0
1.08002337419671,0.413759104178939,0.18498241411576,-0.05861292412452,-1.7922108620082,0.0425227940893812,1
-0.290905542275994,-1.79862350120215,-0.635452625672554,0.573295811603765,0.458775856057822,0.337154218383638,0
-1.5635246702129,-1.00813710847608,0.369417429303317,0.093757092537341,-0.680912860646705,5.23819103439279,0
0.322581252025896,0.957232696125654,0.0449427132326426,0.0981156555075084,-0.659286843597032,0.806968363933265,0
-1.35951409923672,0.691595650467876,-1.01982313479791,-0.0124169207503076,-0.755041749994153,0.0261079915644946,1
0.503197605915913,-0.400063501241827,-1.04078792707055,-2.36101851914322,-0.983981186107316,1.09848291070102,1
0.773086682809187,-1.07797541051067,-1.0304997444296,-0.874008605082797,-0.675756214490168,0.151865779872677,1
-0.645599962801701,0.181811055002842,0.0920758394189665,-0.955934959859833,-0.765736398916002,1.36311779301432,1
-0.280258362015099,0.0514413865056584,-0.78629451648626,-0.549427411348965,0.70820241062903,0.809572153732512,1
1.07400025055162,0.00519511367250052,0.3268809482863,-0.301312120645021,-0.489029232957168,0.170611371006355,1
-0.354848980534439,-1.5756804818994,0.471924462449833,0.269331743372124,-0.198137994804061,0.299497366227582,1
1.84629948455949,0.46992415869383,-0.520103582340997,-0.269810453837974,-0.059924477203341,0.130601294637848,1
-0.473801855430281,0.379625844567175,0.293345932473475,-1.28880399862585,0.820924941544954,0.365916202904912,1
-0.437159972753807,-0.389798292510892,-0.0673359068224815,2.57288282542524,-0.640645299759379,0.933152663350633,1
0.602085747501506,0.683377409734383,-1.96149999810526,-0.734874657058006,-0.872928044794479,0.0092500519217435,1
-1.19952553051228,0.482305585185008,0.748112485817285,-0.618944506935779,0.59092708235033,0.852534501287293,1
0.21778523285742,0.00302859641553525,2.42081607302534,0.66792191977704,1.15532844563511,0.458864969668406,1
-2.10181315602278,0.317663696921586,-0.21043732954003,-1.17484716376978,-1.21909871534734,1.27084527116554,1
-0.0169501080725644,-0.910895215051758,-0.0375748942437912,0.498928676445442,0.187468568518232,1.62430513775156,0
2.66322570582479,-1.31952811294094,1.36141838023722,-3.377483160812,-0.0373959256141903,1.02733309357857,1
-0.470493084081368,0.704816826851324,0.161338265268847,0.674977636539155,-1.47344214458156,0.0401003827947564,1
1.29492290837531,-0.49461411029548,-0.814140454967328,-0.65413992440619,0.925393141129174,0.0196572329587774,1
0.884060789537685,1.18721042389573,1.66466093127856,0.139443137195842,-1.0731788770163,0.0556817209135267,1
0.575546519950736,0.0819420278403821,0.90819705072608,0.0759841332173155,-1.19978413352905,0.918321914516107,1
-0.944116835934472,-1.66709979669775,1.51728108480894,1.6232083289871,1.08593405691782,3.54417894018774,0
0.670454217736052,1.48621380900848,1.9360709566738,0.0635317361300016,-0.596406782227236,0.94282851258975,1
0.0825487681778562,1.98590834790074,0.849935284377159,0.159487797448566,0.463930348667503,0.19736858783544,1
-0.332831293144292,0.546804252632137,1.20417699542399,1.39692865836895,-0.336136871483663,0.43590177425423,1
-0.621601425334462,0.487731150038259,1.00945066920018,-0.0552309507290082,-1.3435254903714,0.911637363024056,0
1.21750782221798,-1.19742569988763,1.84441872069303,-0.114528396397493,-0.506504968736708,0.265794087687368,1
0.600125158874401,1.0673803552604,0.367707867292121,0.262719571068181,0.586920841887274,0.427848710678518,0
-1.43382691892054,-1.36866796181481,0.73940503209272,-0.486533568834366,-1.30928556108796,2.31558634457048,1
1.00414161833963,-1.78565278419487,-1.45572547372014,-1.45660345173369,2.37730892316991,1.1716756792739,0
1.21429398597409,-1.70904614511731,0.871358629293953,-1.31289924953494,0.326898534828426,0.19117154327462,1
0.309187572587419,0.261046186299757,1.28090521717722,0.200822924760197,-2.15548482407234,0.583342651595686,1
1.20665928357309,0.877155794185353,-2.40171462322948,-0.765431241270451,-1.02651459062056,0.401219325879487,1
0.926012488408751,-0.608356032032853,-0.11280500234939,1.18920627183922,0.0174319998957982,0.513941070943948,1
1.30564945849643,0.384837231691427,1.5702476492442,-1.20841732370827,-0.96815380778221,0.0632032707526046,1
-0.172496560751947,-0.264655375982743,-0.40213925354478,-1.09222050125288,0.651958451249542,0.212876290470077,1
-0.926773293761589,-1.20154496537464,-1.76115925843763,-1.4472264778718,-1.15226165194979,0.287952352860445,1
0.139543657230031,1.65101553070464,0.563635597445107,0.872725580334155,-0.945405750612504,0.246972120366991,0
-0.0142628119114256,-0.49773110481979,1.01575782302856,-0.0892709139951122,0.429728357645158,0.3434739906581,1
1.54670863123883,-0.163375910228257,-0.118294964948081,1.9301219101803,-0.545756674835995,1.15328388687246,1
1.37662700130283,-1.24851588173001,-1.16272535177921,-0.267734985072985,-0.0044740843163705,0.892609236036545,1
1.08723063881087,0.699738362192325,-0.466494819720766,-0.516690303824401,0.807869967663092,0.11053414309153,1
-1.46765946859141,-3.13033380883276,-0.571550278032923,-2.0223209115258,1.55171918050603,0.455198600645978,1
-0.0980831992026912,-0.627704942529512,-0.155348037258176,2.62536924565573,1.62014471991358,0.292280299251652,1
0.653037454912602,2.03531276646064,-0.32243111164014,0.0653320889072412,0.86631758424639,0.306928471662104,0
-0.482671112064549,1.64829336550714,1.06101164362232,-1.72626104615208,-0.603503368002833,1.18787145705709,0
0.154065473265388,-1.57912840175291,0.0287609311118431,-0.2976667594511,-0.46133879013028,0.685763792643203,1
-0.232885069175581,-0.72326310926329,0.486987784028289,-0.826430559193622,1.26857755336422,0.825762351243747,1
0.728918623137717,-1.9383784413895,-0.838185848070418,-0.933016107793743,-1.64304709773754,0.289374131312035,1
0.502301672471114,0.322746968801328,1.78788345076934,0.389150229361975,1.00670611957261,0.667276578369578,1
-0.73564540796143,-0.257310182179661,0.47783869751995,0.926273723411334,1.04974752268804,0.495638479478657,0
-0.11044051852382,-0.689833587518211,0.284871433497558,-0.798468862875088,-0.288879813919915,1.1676365286785,1
-0.45470719765192,-0.450412634119003,-0.212621688599914,0.636185066127973,0.00514940012328109,0.600513910874724,0
1.10401248110195,1.48659859716653,1.41476057899955,-0.983526001177745,-0.210497217230632,0.0830911246896744,1
1.05601139685458,-0.76084136694299,1.2420168765821,-1.36198681621177,-0.139323336240003,0.233602325638634,1
0.0556272635467056,0.691621592052335,0.483765054527379,-0.883943419433985,-0.897149650121153,0.134244070328125,1
0.695093638610088,0.251254359960279,-0.395308839304294,0.0649217953994224,0.99098311681429,0.441905401639776,1
-1.87873291127942,0.345555502264641,0.298171417857543,0.438962162878036,0.674957145174721,2.05728926184879,1
0.852003732720919,-0.655613339497531,-0.659678155957047,1.22391364450125,-1.35833776341162,1.81008875442419,1
0.731024873713362,-0.249890383390959,-1.44519254183254,-1.83741582210729,1.02422159402075,0.217312241624696,1
-1.27773254727668,-0.751889475033749,-0.804038381508524,-0.576640926088461,-0.100823540999363,0.576540185948241,1
1.41723366970585,1.37715865190694,2.16737612635338,1.90946706232477,-0.86995579214831,1.53334881432874,1
0.166232185689142,-2.05749693475799,0.353966487759548,-0.712690849127204,-0.084833488802028,0.160334895427351,1
-0.916345045611441,0.486892937505789,1.05071282933283,0.475422539141225,0.426521242975514,0.232790427991144,1
1.9681267293383,1.6297878038858,-0.470969410068812,0.586645083485072,2.11491383803736,0.436813682035168,1
0.0572104264073742,0.578794835677712,0.371663949277072,0.472689345975569,0.355004227432663,0.56413626571027,1
1.60796203128429,-0.0287495381628673,1.45063208463799,-0.303633940244651,-0.110946039104528,0.0275880418864292,1
0.208570365129197,0.224780140825494,-1.13045052687373,1.70572262313591,-0.470645995385871,0.804373329889344,1
-0.208084396134103,0.033499082242254,0.0544826158120524,0.224228477359935,-0.795170292491527,0.117525198440107,0
